Nama Produk,Harga/satuan,tanggal,Total Pembuatan,Sisa barang,Minggu Ke-,Total_Produksi_terjual,Total_Pendapatan,Pendapatan_Category
Putu Ayu Putih,3500,2024-02-01,30,0.0,1,30.0,105000.0,Sedang
Putu Ayu Merah,3500,2024-02-01,60,4.0,1,56.0,196000.0,Sedang
Cantik Manis,2500,2024-02-01,144,0.0,1,144.0,360000.0,Tinggi
Cantik Manis Mika,15000,2024-02-01,12,0.0,1,12.0,180000.0,Sedang
Putu Belanda,5000,2024-02-01,36,0.0,1,36.0,180000.0,Sedang
Bingka Gula Merah,2500,2024-02-01,146,0.0,1,146.0,365000.0,Tinggi
Risol Kentang,3500,2024-02-01,104,0.0,1,104.0,364000.0,Tinggi
Risol Mayo Pedas,4000,2024-02-01,70,0.0,1,70.0,280000.0,Tinggi
Risol Mayo Biasa,4000,2024-02-01,70,0.0,1,70.0,280000.0,Tinggi
Sosis Solo,4000,2024-02-01,40,0.0,1,40.0,160000.0,Sedang
Tahu Isi,4000,2024-02-01,54,4.0,1,50.0,200000.0,Sedang
Pisang Goreng,2000,2024-02-01,32,0.0,1,32.0,64000.0,Rendah
Donat Ceres,3500,2024-02-01,43,5.0,1,38.0,133000.0,Sedang
Donat Gula,3500,2024-02-01,39,0.0,1,39.0,136500.0,Sedang
Bakpau,2000,2024-02-01,68,7.0,1,61.0,122000.0,Sedang
Untuk-Untuk Pisang,2000,2024-02-01,92,0.0,1,92.0,184000.0,Sedang
Untuk-Untuk Inti,2000,2024-02-01,122,0.0,1,122.0,244000.0,Tinggi
Untuk-Untuk Kacang,2000,2024-02-01,87,0.0,1,87.0,174000.0,Sedang
Pandan Ceres,3500,2024-02-01,30,3.0,1,27.0,94500.0,Rendah
Bolu Coklat,3500,2024-02-01,30,0.0,1,30.0,105000.0,Sedang
Bolu Kacang Hijau,3500,2024-02-01,30,5.0,1,25.0,87500.0,Rendah
Bolu Sakura,3500,2024-02-01,55,6.0,1,49.0,171500.0,Sedang
SUS,4000,2024-02-01,84,0.0,1,84.0,336000.0,Tinggi
Roti Gula,3500,2024-02-01,29,2.0,1,27.0,94500.0,Rendah
Muffin Coklat,6000,2024-02-01,36,3.0,1,33.0,198000.0,Sedang
Sarang Semut Potongan,6000,2024-02-01,25,0.0,1,25.0,150000.0,Sedang
Bolu Jadul Gulmer Potongan,3500,2024-02-01,25,0.0,1,25.0,87500.0,Rendah
Bolu Jadul Pandan Potongan,3500,2024-02-01,25,0.0,1,25.0,87500.0,Rendah
Bolu Jadul Ori Potongan,3500,2024-02-01,25,0.0,1,25.0,87500.0,Rendah
Bolu Kukus Pink,4000,2024-02-01,96,0.0,1,96.0,384000.0,Tinggi
Bolu Kukus Hijau,4000,2024-02-01,90,0.0,1,90.0,360000.0,Tinggi
Bolu Kukus Ungu,4000,2024-02-01,98,0.0,1,98.0,392000.0,Tinggi
Bolu Kukus Coklat,4000,2024-02-01,94,0.0,1,94.0,376000.0,Tinggi
Wajik,4500,2024-02-01,75,0.0,1,75.0,337500.0,Tinggi
Lemper Ayam,4000,2024-02-01,60,7.0,1,53.0,212000.0,Tinggi
Lemper Abon,3500,2024-02-01,60,4.0,1,56.0,196000.0,Sedang
Ketan Serondeng,3500,2024-02-01,56,0.0,1,56.0,196000.0,Sedang
Ketan Serondeng Pedas,3500,2024-02-01,24,0.0,1,24.0,84000.0,Rendah
Ketan Inti,3500,2024-02-01,24,0.0,1,24.0,84000.0,Rendah
Putu Ayu Putih,3500,2024-02-02,30,0.0,1,30.0,105000.0,Sedang
Putu Ayu Merah,3500,2024-02-02,60,0.0,1,60.0,210000.0,Tinggi
Cantik Manis,2500,2024-02-02,144,0.0,1,144.0,360000.0,Tinggi
Cantik Manis Mika,15000,2024-02-02,12,0.0,1,12.0,180000.0,Sedang
Putu Belanda,5000,2024-02-02,36,4.0,1,32.0,160000.0,Sedang
Roti Balok,5000,2024-02-02,43,7.0,1,36.0,180000.0,Sedang
Bingka Pisang,2500,2024-02-02,130,0.0,1,130.0,325000.0,Tinggi
Risol Kentang,3500,2024-02-02,120,0.0,1,120.0,420000.0,Tinggi
Risol Mayo Pedas,4000,2024-02-02,70,0.0,1,70.0,280000.0,Tinggi
Pisang Goreng,2000,2024-02-02,32,0.0,1,32.0,64000.0,Rendah
Donat Ceres,3500,2024-02-02,43,0.0,1,43.0,150500.0,Sedang
Donat Gula,3500,2024-02-02,39,4.0,1,35.0,122500.0,Sedang
Untuk-Untuk Pisang,2000,2024-02-02,92,0.0,1,92.0,184000.0,Sedang
Untuk-Untuk Inti,2000,2024-02-02,137,0.0,1,137.0,274000.0,Tinggi
Dadar Gulung,2500,2024-02-02,58,0.0,1,58.0,145000.0,Sedang
Bolu Coklat,3500,2024-02-02,30,4.0,1,26.0,91000.0,Rendah
Bolu Kacang Hijau,3500,2024-02-02,30,2.0,1,28.0,98000.0,Rendah
Bolu Sakura,3500,2024-02-02,55,5.0,1,50.0,175000.0,Sedang
Roti Gula,3500,2024-02-02,29,0.0,1,29.0,101500.0,Sedang
Muffin Coklat,6000,2024-02-02,36,0.0,1,36.0,216000.0,Tinggi
Sarang Semut Potongan,6000,2024-02-02,25,0.0,1,25.0,150000.0,Sedang
Bolu Jadul Gulmer Potongan,3500,2024-02-02,25,0.0,1,25.0,87500.0,Rendah
Bolu Jadul Pandan Potongan,3500,2024-02-02,25,0.0,1,25.0,87500.0,Rendah
Bolu Jadul Ori Potongan,3500,2024-02-02,25,0.0,1,25.0,87500.0,Rendah
Lemper Ayam,4000,2024-02-02,60,3.0,1,57.0,228000.0,Tinggi
Lemper Abon,3500,2024-02-02,60,6.0,1,54.0,189000.0,Sedang
Ketan Serondeng,3500,2024-02-02,56,0.0,1,56.0,196000.0,Sedang
Ketan Serondeng Pedas,3500,2024-02-02,24,0.0,1,24.0,84000.0,Rendah
Ketan Inti,3500,2024-02-02,24,0.0,1,24.0,84000.0,Rendah
jintan,25000,2024-02-02,20,0.0,1,20.0,500000.0,Tinggi
Putu Ayu Putih,3500,2024-02-03,40,7.0,1,33.0,115500.0,Sedang
Putu Ayu Merah,3500,2024-02-03,65,4.0,1,61.0,213500.0,Tinggi
Cantik Manis Mika,15000,2024-02-03,15,4.0,1,11.0,165000.0,Sedang
Putu Belanda,5000,2024-02-03,36,0.0,1,36.0,180000.0,Sedang
Roti Balok,5000,2024-02-03,43,0.0,1,43.0,215000.0,Tinggi
Bingka Pisang,2500,2024-02-03,125,0.0,1,125.0,312500.0,Tinggi
Bingka Kentang,3000,2024-02-03,97,0.0,1,97.0,291000.0,Tinggi
Risol Kentang,3500,2024-02-03,104,0.0,1,104.0,364000.0,Tinggi
Risol Mayo Pedas,4000,2024-02-03,70,0.0,1,70.0,280000.0,Tinggi
Risol Mayo Biasa,4000,2024-02-03,70,0.0,1,70.0,280000.0,Tinggi
Sosis Solo,4000,2024-02-03,40,0.0,1,40.0,160000.0,Sedang
Tahu Isi,4000,2024-02-03,54,0.0,1,54.0,216000.0,Tinggi
Pisang Goreng,2000,2024-02-03,32,0.0,1,32.0,64000.0,Rendah
Donat Ceres,3500,2024-02-03,43,0.0,1,43.0,150500.0,Sedang
Donat Gula,3500,2024-02-03,39,0.0,1,39.0,136500.0,Sedang
Bakpau,2000,2024-02-03,68,0.0,1,68.0,136000.0,Sedang
Untuk-Untuk Pisang,2000,2024-02-03,92,0.0,1,92.0,184000.0,Sedang
Untuk-Untuk Inti,2000,2024-02-03,122,0.0,1,122.0,244000.0,Tinggi
Untuk-Untuk Kacang,2000,2024-02-03,87,0.0,1,87.0,174000.0,Sedang
Dadar Gulung,2500,2024-02-03,58,2.0,1,56.0,140000.0,Sedang
Pandan Ceres,3500,2024-02-03,30,4.0,1,26.0,91000.0,Rendah
Bolu Coklat,3500,2024-02-03,30,3.0,1,27.0,94500.0,Rendah
Bolu Kacang Hijau,3500,2024-02-03,30,5.0,1,25.0,87500.0,Rendah
SUS,4000,2024-02-03,84,0.0,1,84.0,336000.0,Tinggi
Roti Gula,3500,2024-02-03,29,1.0,1,28.0,98000.0,Rendah
Muffin Coklat,6000,2024-02-03,36,1.0,1,35.0,210000.0,Tinggi
Sarang Semut Potongan,6000,2024-02-03,25,4.0,1,21.0,126000.0,Sedang
Bolu Jadul Gulmer Potongan,3500,2024-02-03,25,5.0,1,20.0,70000.0,Rendah
Bolu Jadul Pandan Potongan,3500,2024-02-03,25,3.0,1,22.0,77000.0,Rendah
Bolu Jadul Ori Potongan,3500,2024-02-03,25,5.0,1,20.0,70000.0,Rendah
Bolu Kukus Pink,4000,2024-02-03,96,0.0,1,96.0,384000.0,Tinggi
Bolu Kukus Hijau,4000,2024-02-03,90,0.0,1,90.0,360000.0,Tinggi
Bolu Kukus Ungu,4000,2024-02-03,98,0.0,1,98.0,392000.0,Tinggi
Bolu Kukus Coklat,4000,2024-02-03,94,0.0,1,94.0,376000.0,Tinggi
Lemper Ayam,4000,2024-02-03,60,0.0,1,60.0,240000.0,Tinggi
Lemper Abon,3500,2024-02-03,60,0.0,1,60.0,210000.0,Tinggi
Ketan Serondeng,3500,2024-02-03,56,0.0,1,56.0,196000.0,Sedang
Ketan Serondeng Pedas,3500,2024-02-03,24,0.0,1,24.0,84000.0,Rendah
Ketan Inti,3500,2024-02-03,24,0.0,1,24.0,84000.0,Rendah
Putu Ayu Putih,3500,2024-02-04,30,2.0,2,28.0,98000.0,Rendah
Putu Ayu Merah,3500,2024-02-04,60,4.0,2,56.0,196000.0,Sedang
Cantik Manis,2500,2024-02-04,144,0.0,2,144.0,360000.0,Tinggi
Cantik Manis Mika,15000,2024-02-04,12,0.0,2,12.0,180000.0,Sedang
Putu Belanda,5000,2024-02-04,36,0.0,2,36.0,180000.0,Sedang
Roti Balok,5000,2024-02-04,43,0.0,2,43.0,215000.0,Tinggi
Bingka Pisang,2500,2024-02-04,125,4.0,2,121.0,302500.0,Tinggi
Bingka Gula Merah,2500,2024-02-04,146,2.0,2,144.0,360000.0,Tinggi
Bingka Kentang,3000,2024-02-04,60,0.0,2,60.0,180000.0,Sedang
Risol Kentang,3500,2024-02-04,104,6.0,2,98.0,343000.0,Tinggi
Risol Mayo Pedas,4000,2024-02-04,70,0.0,2,70.0,280000.0,Tinggi
Risol Mayo Biasa,4000,2024-02-04,70,4.0,2,66.0,264000.0,Tinggi
Sosis Solo,4000,2024-02-04,40,6.0,2,34.0,136000.0,Sedang
Tahu Isi,4000,2024-02-04,54,2.0,2,52.0,208000.0,Tinggi
Donat Ceres,3500,2024-02-04,43,3.0,2,40.0,140000.0,Sedang
Donat Gula,3500,2024-02-04,39,5.0,2,34.0,119000.0,Sedang
Bakpau,2000,2024-02-04,68,0.0,2,68.0,136000.0,Sedang
Untuk-Untuk Pisang,2000,2024-02-04,92,0.0,2,92.0,184000.0,Sedang
Untuk-Untuk Inti,2000,2024-02-04,122,0.0,2,122.0,244000.0,Tinggi
Untuk-Untuk Kacang,2000,2024-02-04,87,0.0,2,87.0,174000.0,Sedang
Dadar Gulung,2500,2024-02-04,58,7.0,2,51.0,127500.0,Sedang
Pandan Ceres,3500,2024-02-04,30,3.0,2,27.0,94500.0,Rendah
Bolu Coklat,3500,2024-02-04,30,4.0,2,26.0,91000.0,Rendah
Bolu Kacang Hijau,3500,2024-02-04,30,2.0,2,28.0,98000.0,Rendah
Bolu Sakura,3500,2024-02-04,15,3.0,2,12.0,42000.0,Rendah
Roti Gula,3500,2024-02-04,29,2.0,2,27.0,94500.0,Rendah
Muffin Coklat,6000,2024-02-04,36,1.0,2,35.0,210000.0,Tinggi
Sarang Semut Potongan,6000,2024-02-04,25,0.0,2,25.0,150000.0,Sedang
Bolu Jadul Gulmer Potongan,3500,2024-02-04,25,0.0,2,25.0,87500.0,Rendah
Bolu Jadul Pandan Potongan,3500,2024-02-04,25,0.0,2,25.0,87500.0,Rendah
Bolu Jadul Ori Potongan,3500,2024-02-04,25,6.0,2,19.0,66500.0,Rendah
Lemper Ayam,4000,2024-02-04,70,6.0,2,64.0,256000.0,Tinggi
Lemper Abon,3500,2024-02-04,70,5.0,2,65.0,227500.0,Tinggi
Ketan Serondeng,3500,2024-02-04,68,0.0,2,68.0,238000.0,Tinggi
Ketan Serondeng Pedas,3500,2024-02-04,32,2.0,2,30.0,105000.0,Sedang
Ketan Inti,3500,2024-02-04,30,3.0,2,27.0,94500.0,Rendah
Putu Ayu Putih,3500,2024-02-05,30,3.0,2,27.0,94500.0,Rendah
Putu Ayu Merah,3500,2024-02-05,60,5.0,2,55.0,192500.0,Sedang
Cantik Manis,2500,2024-02-05,144,2.0,2,142.0,355000.0,Tinggi
Cantik Manis Mika,15000,2024-02-05,12,3.0,2,9.0,135000.0,Sedang
Putu Belanda,5000,2024-02-05,36,4.0,2,32.0,160000.0,Sedang
Roti Balok,5000,2024-02-05,43,5.0,2,38.0,190000.0,Sedang
Bingka Pisang,2500,2024-02-05,125,6.0,2,119.0,297500.0,Tinggi
Bingka Gula Merah,2500,2024-02-05,146,2.0,2,144.0,360000.0,Tinggi
Bingka Kentang,3000,2024-02-05,97,1.0,2,96.0,288000.0,Tinggi
Risol Mayo Pedas,4000,2024-02-05,70,4.0,2,66.0,264000.0,Tinggi
Risol Mayo Biasa,4000,2024-02-05,70,3.0,2,67.0,268000.0,Tinggi
Sosis Solo,4000,2024-02-05,40,7.0,2,33.0,132000.0,Sedang
Tahu Isi,4000,2024-02-05,54,3.0,2,51.0,204000.0,Tinggi
Pisang Goreng,2000,2024-02-05,32,4.0,2,28.0,56000.0,Rendah
Donat Ceres,3500,2024-02-05,43,7.0,2,36.0,126000.0,Sedang
Donat Gula,3500,2024-02-05,39,6.0,2,33.0,115500.0,Sedang
Bakpau,2000,2024-02-05,68,4.0,2,64.0,128000.0,Sedang
Untuk-Untuk Pisang,2000,2024-02-05,92,3.0,2,89.0,178000.0,Sedang
Untuk-Untuk Inti,2000,2024-02-05,122,5.0,2,117.0,234000.0,Tinggi
Untuk-Untuk Kacang,2000,2024-02-05,87,3.0,2,84.0,168000.0,Sedang
Dadar Gulung,2500,2024-02-05,58,5.0,2,53.0,132500.0,Sedang
Pandan Ceres,3500,2024-02-05,30,2.0,2,28.0,98000.0,Rendah
Bolu Coklat,3500,2024-02-05,30,4.0,2,26.0,91000.0,Rendah
Bolu Kacang Hijau,3500,2024-02-05,30,0.0,2,30.0,105000.0,Sedang
Bolu Sakura,3500,2024-02-05,55,0.0,2,55.0,192500.0,Sedang
SUS,4000,2024-02-05,84,0.0,2,84.0,336000.0,Tinggi
Roti Gula,3500,2024-02-05,29,0.0,2,29.0,101500.0,Sedang
Muffin Coklat,6000,2024-02-05,36,0.0,2,36.0,216000.0,Tinggi
Sarang Semut Potongan,6000,2024-02-05,25,0.0,2,25.0,150000.0,Sedang
Bolu Jadul Gulmer Potongan,3500,2024-02-05,25,0.0,2,25.0,87500.0,Rendah
Bolu Jadul Pandan Potongan,3500,2024-02-05,25,0.0,2,25.0,87500.0,Rendah
Bolu Jadul Ori Potongan,3500,2024-02-05,25,2.0,2,23.0,80500.0,Rendah
Bolu Kukus Pink,4000,2024-02-05,96,3.0,2,93.0,372000.0,Tinggi
Bolu Kukus Hijau,4000,2024-02-05,90,0.0,2,90.0,360000.0,Tinggi
Bolu Kukus Ungu,4000,2024-02-05,98,0.0,2,98.0,392000.0,Tinggi
Bolu Kukus Coklat,4000,2024-02-05,94,0.0,2,94.0,376000.0,Tinggi
Lemper Ayam,4000,2024-02-05,50,0.0,2,50.0,200000.0,Sedang
Lemper Abon,3500,2024-02-05,57,0.0,2,57.0,199500.0,Sedang
Ketan Serondeng,3500,2024-02-05,50,0.0,2,50.0,175000.0,Sedang
Ketan Serondeng Pedas,3500,2024-02-05,30,0.0,2,30.0,105000.0,Sedang
Ketan Inti,3500,2024-02-05,20,0.0,2,20.0,70000.0,Rendah
Putu Ayu Putih,3500,2024-02-06,30,0.0,2,30.0,105000.0,Sedang
Putu Ayu Merah,3500,2024-02-06,60,0.0,2,60.0,210000.0,Tinggi
Cantik Manis,2500,2024-02-06,144,0.0,2,144.0,360000.0,Tinggi
Cantik Manis Mika,15000,2024-02-06,10,0.0,2,10.0,150000.0,Sedang
Putu Belanda,5000,2024-02-06,36,0.0,2,36.0,180000.0,Sedang
Roti Balok,5000,2024-02-06,43,4.0,2,39.0,195000.0,Sedang
Bingka Pisang,2500,2024-02-06,130,2.0,2,128.0,320000.0,Tinggi
Bingka Gula Merah,2500,2024-02-06,150,5.0,2,145.0,362500.0,Tinggi
Bingka Kentang,3000,2024-02-06,100,7.0,2,93.0,279000.0,Tinggi
Risol Kentang,3500,2024-02-06,104,3.0,2,101.0,353500.0,Tinggi
Risol Mayo Biasa,4000,2024-02-06,70,3.0,2,67.0,268000.0,Tinggi
Sosis Solo,4000,2024-02-06,54,2.0,2,52.0,208000.0,Tinggi
Tahu Isi,4000,2024-02-06,54,2.0,2,52.0,208000.0,Tinggi
Pisang Goreng,2000,2024-02-06,40,3.0,2,37.0,74000.0,Rendah
Donat Ceres,3500,2024-02-06,43,4.0,2,39.0,136500.0,Sedang
Donat Gula,3500,2024-02-06,39,5.0,2,34.0,119000.0,Sedang
Bakpau,2000,2024-02-06,68,5.0,2,63.0,126000.0,Sedang
Untuk-Untuk Pisang,2000,2024-02-06,99,2.0,2,97.0,194000.0,Sedang
Untuk-Untuk Inti,2000,2024-02-06,134,0.0,2,134.0,268000.0,Tinggi
Untuk-Untuk Kacang,2000,2024-02-06,87,0.0,2,87.0,174000.0,Sedang
Dadar Gulung,2500,2024-02-06,58,0.0,2,58.0,145000.0,Sedang
Pandan Ceres,3500,2024-02-06,30,4.0,2,26.0,91000.0,Rendah
Bolu Coklat,3500,2024-02-06,30,6.0,2,24.0,84000.0,Rendah
Bolu Kacang Hijau,3500,2024-02-06,30,3.0,2,27.0,94500.0,Rendah
Bolu Sakura,3500,2024-02-06,55,0.0,2,55.0,192500.0,Sedang
Roti Gula,3500,2024-02-06,29,0.0,2,29.0,101500.0,Sedang
Muffin Coklat,6000,2024-02-06,36,0.0,2,36.0,216000.0,Tinggi
Sarang Semut Potongan,6000,2024-02-06,25,0.0,2,25.0,150000.0,Sedang
Bolu Jadul Gulmer Potongan,3500,2024-02-06,25,0.0,2,25.0,87500.0,Rendah
Bolu Jadul Pandan Potongan,3500,2024-02-06,25,0.0,2,25.0,87500.0,Rendah
Bolu Jadul Ori Potongan,3500,2024-02-06,25,0.0,2,25.0,87500.0,Rendah
Lemper Ayam,4000,2024-02-06,60,0.0,2,60.0,240000.0,Tinggi
Lemper Abon,3500,2024-02-06,60,0.0,2,60.0,210000.0,Tinggi
Ketan Serondeng,3500,2024-02-06,55,0.0,2,55.0,192500.0,Sedang
Ketan Serondeng Pedas,3500,2024-02-06,24,0.0,2,24.0,84000.0,Rendah
Ketan Inti,3500,2024-02-06,20,0.0,2,20.0,70000.0,Rendah
Putu Ayu Putih,3500,2024-02-07,30,0.0,2,30.0,105000.0,Sedang
Putu Ayu Merah,3500,2024-02-07,60,0.0,2,60.0,210000.0,Tinggi
Cantik Manis,2500,2024-02-07,140,0.0,2,140.0,350000.0,Tinggi
Cantik Manis Mika,15000,2024-02-07,15,2.0,2,13.0,195000.0,Sedang
Putu Belanda,5000,2024-02-07,36,0.0,2,36.0,180000.0,Sedang
Roti Balok,5000,2024-02-07,43,0.0,2,43.0,215000.0,Tinggi
Bingka Pisang,2500,2024-02-07,135,5.0,2,130.0,325000.0,Tinggi
Bingka Gula Merah,2500,2024-02-07,136,3.0,2,133.0,332500.0,Tinggi
Bingka Kentang,3000,2024-02-07,97,6.0,2,91.0,273000.0,Tinggi
Risol Kentang,3500,2024-02-07,104,2.0,2,102.0,357000.0,Tinggi
Risol Mayo Pedas,4000,2024-02-07,70,3.0,2,67.0,268000.0,Tinggi
Risol Mayo Biasa,4000,2024-02-07,70,1.0,2,69.0,276000.0,Tinggi
Sosis Solo,4000,2024-02-07,40,0.0,2,40.0,160000.0,Sedang
Tahu Isi,4000,2024-02-07,54,0.0,2,54.0,216000.0,Tinggi
Pisang Goreng,2000,2024-02-07,32,0.0,2,32.0,64000.0,Rendah
Ilat Sapi Putih,18000,2024-02-07,12,0.0,2,12.0,216000.0,Tinggi
Donat Ceres,3500,2024-02-07,40,4.0,2,36.0,126000.0,Sedang
Donat Gula,3500,2024-02-07,40,5.0,2,35.0,122500.0,Sedang
Bakpau,2000,2024-02-07,70,5.0,2,65.0,130000.0,Sedang
Dadar Gulung,2500,2024-02-07,58,4.0,2,54.0,135000.0,Sedang
Pandan Ceres,3500,2024-02-07,30,2.0,2,28.0,98000.0,Rendah
Bolu Coklat,3500,2024-02-07,30,4.0,2,26.0,91000.0,Rendah
Bolu Kacang Hijau,3500,2024-02-07,30,1.0,2,29.0,101500.0,Sedang
Bolu Sakura,3500,2024-02-07,55,0.0,2,55.0,192500.0,Sedang
SUS,4000,2024-02-07,84,0.0,2,84.0,336000.0,Tinggi
Roti Gula,3500,2024-02-07,29,0.0,2,29.0,101500.0,Sedang
Muffin Coklat,6000,2024-02-07,36,3.0,2,33.0,198000.0,Sedang
Sarang Semut Potongan,6000,2024-02-07,25,2.0,2,23.0,138000.0,Sedang
Bolu Jadul Gulmer Potongan,3500,2024-02-07,25,1.0,2,24.0,84000.0,Rendah
Bolu Jadul Pandan Potongan,3500,2024-02-07,25,0.0,2,25.0,87500.0,Rendah
Bolu Jadul Ori Potongan,3500,2024-02-07,25,3.0,2,22.0,77000.0,Rendah
Bolu Kukus Pink,4000,2024-02-07,96,0.0,2,96.0,384000.0,Tinggi
Bolu Kukus Hijau,4000,2024-02-07,90,0.0,2,90.0,360000.0,Tinggi
Bolu Kukus Ungu,4000,2024-02-07,98,0.0,2,98.0,392000.0,Tinggi
Bolu Kukus Coklat,4000,2024-02-07,94,0.0,2,94.0,376000.0,Tinggi
Wajik,4500,2024-02-07,75,0.0,2,75.0,337500.0,Tinggi
Lemper Ayam,4000,2024-02-07,60,6.0,2,54.0,216000.0,Tinggi
Lemper Abon,3500,2024-02-07,60,3.0,2,57.0,199500.0,Sedang
Ketan Serondeng,3500,2024-02-07,56,4.0,2,52.0,182000.0,Sedang
Ketan Serondeng Pedas,3500,2024-02-07,24,3.0,2,21.0,73500.0,Rendah
Ketan Inti,3500,2024-02-07,24,5.0,2,19.0,66500.0,Rendah
Putu Ayu Putih,3500,2024-02-08,30,3.0,2,27.0,94500.0,Rendah
Cantik Manis,2500,2024-02-08,140,0.0,2,140.0,350000.0,Tinggi
Cantik Manis Mika,15000,2024-02-08,10,0.0,2,10.0,150000.0,Sedang
Putu Belanda,5000,2024-02-08,35,0.0,2,35.0,175000.0,Sedang
Roti Balok,5000,2024-02-08,40,0.0,2,40.0,200000.0,Sedang
Bingka Pisang,2500,2024-02-08,130,0.0,2,130.0,325000.0,Tinggi
Bingka Gula Merah,2500,2024-02-08,145,0.0,2,145.0,362500.0,Tinggi
Risol Kentang,3500,2024-02-08,136,6.0,2,130.0,455000.0,Tinggi
Risol Mayo Pedas,4000,2024-02-08,50,0.0,2,50.0,200000.0,Sedang
Risol Mayo Biasa,4000,2024-02-08,59,0.0,2,59.0,236000.0,Tinggi
Sosis Solo,4000,2024-02-08,40,0.0,2,40.0,160000.0,Sedang
Tahu Isi,4000,2024-02-08,54,0.0,2,54.0,216000.0,Tinggi
Pisang Goreng,2000,2024-02-08,32,0.0,2,32.0,64000.0,Rendah
Donat Ceres,3500,2024-02-08,43,0.0,2,43.0,150500.0,Sedang
Donat Gula,3500,2024-02-08,39,0.0,2,39.0,136500.0,Sedang
Bakpau,2000,2024-02-08,68,0.0,2,68.0,136000.0,Sedang
Untuk-Untuk Pisang,2000,2024-02-08,92,0.0,2,92.0,184000.0,Sedang
Untuk-Untuk Kacang,2000,2024-02-08,87,0.0,2,87.0,174000.0,Sedang
Dadar Gulung,2500,2024-02-08,58,4.0,2,54.0,135000.0,Sedang
Pandan Ceres,3500,2024-02-08,30,3.0,2,27.0,94500.0,Rendah
Bolu Coklat,3500,2024-02-08,30,2.0,2,28.0,98000.0,Rendah
Bolu Kacang Hijau,3500,2024-02-08,30,1.0,2,29.0,101500.0,Sedang
Bolu Sakura,3500,2024-02-08,55,3.0,2,52.0,182000.0,Sedang
Roti Gula,3500,2024-02-08,29,3.0,2,26.0,91000.0,Rendah
Muffin Coklat,6000,2024-02-08,36,4.0,2,32.0,192000.0,Sedang
Sarang Semut Potongan,6000,2024-02-08,25,2.0,2,23.0,138000.0,Sedang
Bolu Jadul Gulmer Potongan,3500,2024-02-08,25,1.0,2,24.0,84000.0,Rendah
Bolu Jadul Pandan Potongan,3500,2024-02-08,25,2.0,2,23.0,80500.0,Rendah
Bolu Jadul Ori Potongan,3500,2024-02-08,25,4.0,2,21.0,73500.0,Rendah
Lemper Ayam,4000,2024-02-08,60,4.0,2,56.0,224000.0,Tinggi
Ketan Serondeng,3500,2024-02-08,50,3.0,2,47.0,164500.0,Sedang
Ketan Serondeng Pedas,3500,2024-02-08,30,2.0,2,28.0,98000.0,Rendah
Ketan Inti,3500,2024-02-08,30,3.0,2,27.0,94500.0,Rendah
Putu Ayu Putih,3500,2024-02-09,120,0.0,2,120.0,420000.0,Tinggi
Putu Ayu Merah,3500,2024-02-09,60,0.0,2,60.0,210000.0,Tinggi
Cantik Manis,2500,2024-02-09,144,2.0,2,142.0,355000.0,Tinggi
Cantik Manis Mika,15000,2024-02-09,12,3.0,2,9.0,135000.0,Sedang
Putu Belanda,5000,2024-02-09,36,4.0,2,32.0,160000.0,Sedang
Roti Balok,5000,2024-02-09,43,0.0,2,43.0,215000.0,Tinggi
Bingka Pisang,2500,2024-02-09,125,3.0,2,122.0,305000.0,Tinggi
Bingka Gula Merah,2500,2024-02-09,146,2.0,2,144.0,360000.0,Tinggi
Bingka Kentang,3000,2024-02-09,97,5.0,2,92.0,276000.0,Tinggi
Risol Kentang,3500,2024-02-09,104,0.0,2,104.0,364000.0,Tinggi
Risol Mayo Biasa,4000,2024-02-09,80,4.0,2,76.0,304000.0,Tinggi
Sosis Solo,4000,2024-02-09,140,0.0,2,140.0,560000.0,Tinggi
Tahu Isi,4000,2024-02-09,54,0.0,2,54.0,216000.0,Tinggi
Pisang Goreng,2000,2024-02-09,32,0.0,2,32.0,64000.0,Rendah
Donat Ceres,3500,2024-02-09,43,0.0,2,43.0,150500.0,Sedang
Donat Gula,3500,2024-02-09,39,1.0,2,38.0,133000.0,Sedang
Bakpau,2000,2024-02-09,68,2.0,2,66.0,132000.0,Sedang
Untuk-Untuk Pisang,2000,2024-02-09,92,1.0,2,91.0,182000.0,Sedang
Untuk-Untuk Inti,2000,2024-02-09,130,0.0,2,130.0,260000.0,Tinggi
Untuk-Untuk Kacang,2000,2024-02-09,87,0.0,2,87.0,174000.0,Sedang
Dadar Gulung,2500,2024-02-09,58,2.0,2,56.0,140000.0,Sedang
Pandan Ceres,3500,2024-02-09,30,0.0,2,30.0,105000.0,Sedang
Bolu Coklat,3500,2024-02-09,30,0.0,2,30.0,105000.0,Sedang
Bolu Kacang Hijau,3500,2024-02-09,27,0.0,2,27.0,94500.0,Rendah
Bolu Sakura,3500,2024-02-09,50,2.0,2,48.0,168000.0,Sedang
SUS,4000,2024-02-09,84,1.0,2,83.0,332000.0,Tinggi
Roti Gula,3500,2024-02-09,29,3.0,2,26.0,91000.0,Rendah
Muffin Coklat,6000,2024-02-09,36,2.0,2,34.0,204000.0,Tinggi
Sarang Semut Potongan,6000,2024-02-09,25,0.0,2,25.0,150000.0,Sedang
Bolu Jadul Gulmer Potongan,3500,2024-02-09,25,0.0,2,25.0,87500.0,Rendah
Bolu Jadul Pandan Potongan,3500,2024-02-09,25,0.0,2,25.0,87500.0,Rendah
Bolu Jadul Ori Potongan,3500,2024-02-09,25,0.0,2,25.0,87500.0,Rendah
Bolu Kukus Hijau,4000,2024-02-09,90,0.0,2,90.0,360000.0,Tinggi
Bolu Kukus Ungu,4000,2024-02-09,98,0.0,2,98.0,392000.0,Tinggi
Bolu Kukus Coklat,4000,2024-02-09,94,0.0,2,94.0,376000.0,Tinggi
Wajik,4500,2024-02-09,75,4.0,2,71.0,319500.0,Tinggi
Lemper Ayam,4000,2024-02-09,60,0.0,2,60.0,240000.0,Tinggi
Lemper Abon,3500,2024-02-09,60,3.0,2,57.0,199500.0,Sedang
Ketan Serondeng,3500,2024-02-09,56,2.0,2,54.0,189000.0,Sedang
Ketan Serondeng Pedas,3500,2024-02-09,24,0.0,2,24.0,84000.0,Rendah
Ketan Inti,3500,2024-02-09,24,0.0,2,24.0,84000.0,Rendah
kotak,1000,2024-02-08,100,0.0,2,100.0,100000.0,Rendah
Air Mineral,1000,2024-02-08,100,0.0,2,100.0,100000.0,Rendah
jintan,25000,2024-02-09,20,0.0,2,20.0,500000.0,Tinggi
Putu Ayu Putih,3500,2024-02-10,30,0.0,2,30.0,105000.0,Sedang
Putu Ayu Merah,3500,2024-02-10,60,0.0,2,60.0,210000.0,Tinggi
Cantik Manis,2500,2024-02-10,144,0.0,2,144.0,360000.0,Tinggi
Cantik Manis Mika,15000,2024-02-10,12,0.0,2,12.0,180000.0,Sedang
Putu Belanda,5000,2024-02-10,36,0.0,2,36.0,180000.0,Sedang
Roti Balok,5000,2024-02-10,43,0.0,2,43.0,215000.0,Tinggi
Bingka Pisang,2500,2024-02-10,125,0.0,2,125.0,312500.0,Tinggi
Bingka Gula Merah,2500,2024-02-10,146,0.0,2,146.0,365000.0,Tinggi
Bingka Kentang,3000,2024-02-10,97,0.0,2,97.0,291000.0,Tinggi
Risol Kentang,3500,2024-02-10,104,0.0,2,104.0,364000.0,Tinggi
Risol Mayo Pedas,4000,2024-02-10,70,0.0,2,70.0,280000.0,Tinggi
Risol Mayo Biasa,4000,2024-02-10,70,2.0,2,68.0,272000.0,Tinggi
Sosis Solo,4000,2024-02-10,40,3.0,2,37.0,148000.0,Sedang
Tahu Isi,4000,2024-02-10,54,2.0,2,52.0,208000.0,Tinggi
Pisang Goreng,2000,2024-02-10,32,1.0,2,31.0,62000.0,Rendah
Donat Ceres,3500,2024-02-10,43,0.0,2,43.0,150500.0,Sedang
Donat Gula,3500,2024-02-10,39,2.0,2,37.0,129500.0,Sedang
Bakpau,2000,2024-02-10,68,4.0,2,64.0,128000.0,Sedang
Untuk-Untuk Pisang,2000,2024-02-10,92,5.0,2,87.0,174000.0,Sedang
Untuk-Untuk Inti,2000,2024-02-10,122,0.0,2,122.0,244000.0,Tinggi
Untuk-Untuk Kacang,2000,2024-02-10,87,2.0,2,85.0,170000.0,Sedang
Dadar Gulung,2500,2024-02-10,58,3.0,2,55.0,137500.0,Sedang
Pandan Ceres,3500,2024-02-10,30,4.0,2,26.0,91000.0,Rendah
Bolu Coklat,3500,2024-02-10,30,0.0,2,30.0,105000.0,Sedang
Bolu Kacang Hijau,3500,2024-02-10,30,2.0,2,28.0,98000.0,Rendah
Bolu Sakura,3500,2024-02-10,55,3.0,2,52.0,182000.0,Sedang
Roti Gula,3500,2024-02-10,29,0.0,2,29.0,101500.0,Sedang
Muffin Coklat,6000,2024-02-10,36,0.0,2,36.0,216000.0,Tinggi
Sarang Semut Potongan,6000,2024-02-10,25,0.0,2,25.0,150000.0,Sedang
Bolu Jadul Gulmer Potongan,3500,2024-02-10,25,2.0,2,23.0,80500.0,Rendah
Bolu Jadul Pandan Potongan,3500,2024-02-10,25,3.0,2,22.0,77000.0,Rendah
Bolu Jadul Ori Potongan,3500,2024-02-10,25,4.0,2,21.0,73500.0,Rendah
Lemper Ayam,4000,2024-02-10,60,1.0,2,59.0,236000.0,Tinggi
Ketan Serondeng,3500,2024-02-10,56,4.0,2,52.0,182000.0,Sedang
Ketan Serondeng Pedas,3500,2024-02-10,24,5.0,2,19.0,66500.0,Rendah
Ketan Inti,3500,2024-02-10,24,3.0,2,21.0,73500.0,Rendah
Putu Ayu Putih,3500,2024-02-11,30,0.0,3,30.0,105000.0,Sedang
Putu Ayu Merah,3500,2024-02-11,60,4.0,3,56.0,196000.0,Sedang
Cantik Manis,2500,2024-02-11,144,0.0,3,144.0,360000.0,Tinggi
Cantik Manis Mika,15000,2024-02-11,12,0.0,3,12.0,180000.0,Sedang
Putu Belanda,5000,2024-02-11,36,0.0,3,36.0,180000.0,Sedang
Bingka Gula Merah,2500,2024-02-11,146,0.0,3,146.0,365000.0,Tinggi
Risol Kentang,3500,2024-02-11,104,0.0,3,104.0,364000.0,Tinggi
Risol Mayo Pedas,4000,2024-02-11,70,0.0,3,70.0,280000.0,Tinggi
Risol Mayo Biasa,4000,2024-02-11,70,0.0,3,70.0,280000.0,Tinggi
Sosis Solo,4000,2024-02-11,40,0.0,3,40.0,160000.0,Sedang
Tahu Isi,4000,2024-02-11,54,4.0,3,50.0,200000.0,Sedang
Pisang Goreng,2000,2024-02-11,32,0.0,3,32.0,64000.0,Rendah
Donat Ceres,3500,2024-02-11,43,5.0,3,38.0,133000.0,Sedang
Donat Gula,3500,2024-02-11,39,0.0,3,39.0,136500.0,Sedang
Bakpau,2000,2024-02-11,68,7.0,3,61.0,122000.0,Sedang
Untuk-Untuk Pisang,2000,2024-02-11,92,0.0,3,92.0,184000.0,Sedang
Untuk-Untuk Inti,2000,2024-02-11,122,0.0,3,122.0,244000.0,Tinggi
Untuk-Untuk Kacang,2000,2024-02-11,87,0.0,3,87.0,174000.0,Sedang
Pandan Ceres,3500,2024-02-11,30,3.0,3,27.0,94500.0,Rendah
Bolu Coklat,3500,2024-02-11,30,0.0,3,30.0,105000.0,Sedang
Bolu Kacang Hijau,3500,2024-02-11,30,5.0,3,25.0,87500.0,Rendah
Bolu Sakura,3500,2024-02-11,55,6.0,3,49.0,171500.0,Sedang
Roti Gula,3500,2024-02-11,29,2.0,3,27.0,94500.0,Rendah
Muffin Coklat,6000,2024-02-11,36,3.0,3,33.0,198000.0,Sedang
Sarang Semut Potongan,6000,2024-02-11,25,0.0,3,25.0,150000.0,Sedang
Bolu Jadul Gulmer Potongan,3500,2024-02-11,25,0.0,3,25.0,87500.0,Rendah
Bolu Jadul Pandan Potongan,3500,2024-02-11,25,0.0,3,25.0,87500.0,Rendah
Bolu Jadul Ori Potongan,3500,2024-02-11,25,0.0,3,25.0,87500.0,Rendah
Bolu Kukus Pink,4000,2024-02-11,96,0.0,3,96.0,384000.0,Tinggi
Bolu Kukus Hijau,4000,2024-02-11,90,0.0,3,90.0,360000.0,Tinggi
Bolu Kukus Ungu,4000,2024-02-11,98,0.0,3,98.0,392000.0,Tinggi
Bolu Kukus Coklat,4000,2024-02-11,94,0.0,3,94.0,376000.0,Tinggi
Wajik,4500,2024-02-11,75,0.0,3,75.0,337500.0,Tinggi
Lemper Ayam,4000,2024-02-11,60,7.0,3,53.0,212000.0,Tinggi
Lemper Abon,3500,2024-02-11,60,4.0,3,56.0,196000.0,Sedang
Ketan Serondeng,3500,2024-02-11,56,0.0,3,56.0,196000.0,Sedang
Ketan Serondeng Pedas,3500,2024-02-11,24,0.0,3,24.0,84000.0,Rendah
Ketan Inti,3500,2024-02-11,24,0.0,3,24.0,84000.0,Rendah
Putu Ayu Putih,3500,2024-02-12,40,5.0,3,35.0,122500.0,Sedang
Putu Ayu Merah,3500,2024-02-12,70,6.0,3,64.0,224000.0,Tinggi
Cantik Manis,2500,2024-02-12,139,0.0,3,139.0,347500.0,Tinggi
Cantik Manis Mika,15000,2024-02-12,8,0.0,3,8.0,120000.0,Sedang
Putu Belanda,5000,2024-02-12,30,0.0,3,30.0,150000.0,Sedang
Roti Balok,5000,2024-02-12,40,0.0,3,40.0,200000.0,Sedang
Bingka Pisang,2500,2024-02-12,127,0.0,3,127.0,317500.0,Tinggi
Bingka Gula Merah,2500,2024-02-12,142,0.0,3,142.0,355000.0,Tinggi
Bingka Kentang,3000,2024-02-12,90,2.0,3,88.0,264000.0,Tinggi
Risol Kentang,3500,2024-02-12,115,6.0,3,109.0,381500.0,Tinggi
Risol Mayo Pedas,4000,2024-02-12,70,2.0,3,68.0,272000.0,Tinggi
Risol Mayo Biasa,4000,2024-02-12,70,3.0,3,67.0,268000.0,Tinggi
Sosis Solo,4000,2024-02-12,40,1.0,3,39.0,156000.0,Sedang
Tahu Isi,4000,2024-02-12,54,2.0,3,52.0,208000.0,Tinggi
Pisang Goreng,2000,2024-02-12,32,0.0,3,32.0,64000.0,Rendah
Donat Ceres,3500,2024-02-12,43,0.0,3,43.0,150500.0,Sedang
Donat Gula,3500,2024-02-12,39,6.0,3,33.0,115500.0,Sedang
Untuk-Untuk Pisang,2000,2024-02-12,92,2.0,3,90.0,180000.0,Sedang
Untuk-Untuk Inti,2000,2024-02-12,122,3.0,3,119.0,238000.0,Tinggi
Untuk-Untuk Kacang,2000,2024-02-12,87,2.0,3,85.0,170000.0,Sedang
Dadar Gulung,2500,2024-02-12,58,3.0,3,55.0,137500.0,Sedang
Pandan Ceres,3500,2024-02-12,30,5.0,3,25.0,87500.0,Rendah
Bolu Coklat,3500,2024-02-12,30,3.0,3,27.0,94500.0,Rendah
Bolu Kacang Hijau,3500,2024-02-12,30,2.0,3,28.0,98000.0,Rendah
Bolu Sakura,3500,2024-02-12,55,0.0,3,55.0,192500.0,Sedang
Roti Gula,3500,2024-02-12,29,0.0,3,29.0,101500.0,Sedang
Muffin Coklat,6000,2024-02-12,36,0.0,3,36.0,216000.0,Tinggi
Sarang Semut Potongan,6000,2024-02-12,25,0.0,3,25.0,150000.0,Sedang
Bolu Jadul Gulmer Potongan,3500,2024-02-12,25,0.0,3,25.0,87500.0,Rendah
Bolu Jadul Pandan Potongan,3500,2024-02-12,25,0.0,3,25.0,87500.0,Rendah
Bolu Jadul Ori Potongan,3500,2024-02-12,25,0.0,3,25.0,87500.0,Rendah
Lemper Ayam,4000,2024-02-12,60,5.0,3,55.0,220000.0,Tinggi
Lemper Abon,3500,2024-02-12,60,0.0,3,60.0,210000.0,Tinggi
Ketan Serondeng,3500,2024-02-12,56,3.0,3,53.0,185500.0,Sedang
Ketan Serondeng Pedas,3500,2024-02-12,24,0.0,3,24.0,84000.0,Rendah
Ketan Inti,3500,2024-02-12,24,0.0,3,24.0,84000.0,Rendah
Putu Ayu Putih,3500,2024-02-13,30,0.0,3,30.0,105000.0,Sedang
Putu Ayu Merah,3500,2024-02-13,60,4.0,3,56.0,196000.0,Sedang
Cantik Manis,2500,2024-02-13,144,0.0,3,144.0,360000.0,Tinggi
Cantik Manis Mika,15000,2024-02-13,12,0.0,3,12.0,180000.0,Sedang
Putu Belanda,5000,2024-02-13,36,0.0,3,36.0,180000.0,Sedang
Roti Balok,5000,2024-02-13,43,5.0,3,38.0,190000.0,Sedang
Bingka Gula Merah,2500,2024-02-13,146,0.0,3,146.0,365000.0,Tinggi
Risol Kentang,3500,2024-02-13,104,0.0,3,104.0,364000.0,Tinggi
Risol Mayo Pedas,4000,2024-02-13,70,0.0,3,70.0,280000.0,Tinggi
Risol Mayo Biasa,4000,2024-02-13,70,0.0,3,70.0,280000.0,Tinggi
Sosis Solo,4000,2024-02-13,40,0.0,3,40.0,160000.0,Sedang
Tahu Isi,4000,2024-02-13,54,4.0,3,50.0,200000.0,Sedang
Pisang Goreng,2000,2024-02-13,32,0.0,3,32.0,64000.0,Rendah
Donat Ceres,3500,2024-02-13,43,5.0,3,38.0,133000.0,Sedang
Donat Gula,3500,2024-02-13,39,0.0,3,39.0,136500.0,Sedang
Bakpau,2000,2024-02-13,68,7.0,3,61.0,122000.0,Sedang
Untuk-Untuk Pisang,2000,2024-02-13,92,0.0,3,92.0,184000.0,Sedang
Untuk-Untuk Inti,2000,2024-02-13,122,0.0,3,122.0,244000.0,Tinggi
Untuk-Untuk Kacang,2000,2024-02-13,87,0.0,3,87.0,174000.0,Sedang
Pandan Ceres,3500,2024-02-13,30,3.0,3,27.0,94500.0,Rendah
Bolu Coklat,3500,2024-02-13,30,0.0,3,30.0,105000.0,Sedang
Bolu Kacang Hijau,3500,2024-02-13,30,0.0,3,30.0,105000.0,Sedang
Bolu Sakura,3500,2024-02-13,55,6.0,3,49.0,171500.0,Sedang
SUS,4000,2024-02-13,84,0.0,3,84.0,336000.0,Tinggi
Roti Gula,3500,2024-02-13,29,2.0,3,27.0,94500.0,Rendah
Muffin Coklat,6000,2024-02-13,36,3.0,3,33.0,198000.0,Sedang
Sarang Semut Potongan,6000,2024-02-13,25,0.0,3,25.0,150000.0,Sedang
Bolu Jadul Gulmer Potongan,3500,2024-02-13,25,0.0,3,25.0,87500.0,Rendah
Bolu Jadul Pandan Potongan,3500,2024-02-13,25,0.0,3,25.0,87500.0,Rendah
Bolu Jadul Ori Potongan,3500,2024-02-13,25,0.0,3,25.0,87500.0,Rendah
Bolu Kukus Pink,4000,2024-02-13,96,0.0,3,96.0,384000.0,Tinggi
Bolu Kukus Hijau,4000,2024-02-13,90,0.0,3,90.0,360000.0,Tinggi
Bolu Kukus Ungu,4000,2024-02-13,98,0.0,3,98.0,392000.0,Tinggi
Bolu Kukus Coklat,4000,2024-02-13,94,0.0,3,94.0,376000.0,Tinggi
Wajik,4500,2024-02-13,75,0.0,3,75.0,337500.0,Tinggi
Lemper Ayam,4000,2024-02-13,60,7.0,3,53.0,212000.0,Tinggi
Lemper Abon,3500,2024-02-13,60,4.0,3,56.0,196000.0,Sedang
Ketan Serondeng,3500,2024-02-13,56,0.0,3,56.0,196000.0,Sedang
Ketan Serondeng Pedas,3500,2024-02-13,24,0.0,3,24.0,84000.0,Rendah
Ketan Inti,3500,2024-02-13,24,0.0,3,24.0,84000.0,Rendah
Putu Ayu Putih,3500,2024-02-14,30,2.0,3,28.0,98000.0,Rendah
Putu Ayu Merah,3500,2024-02-14,60,1.0,3,59.0,206500.0,Tinggi
Cantik Manis Mika,15000,2024-02-14,12,2.0,3,10.0,150000.0,Sedang
Putu Belanda,5000,2024-02-14,36,0.0,3,36.0,180000.0,Sedang
Roti Balok,5000,2024-02-14,43,2.0,3,41.0,205000.0,Tinggi
Bingka Pisang,2500,2024-02-14,125,0.0,3,125.0,312500.0,Tinggi
Bingka Gula Merah,2500,2024-02-14,146,4.0,3,142.0,355000.0,Tinggi
Bingka Kentang,3000,2024-02-14,97,0.0,3,97.0,291000.0,Tinggi
Risol Kentang,3500,2024-02-14,104,0.0,3,104.0,364000.0,Tinggi
Risol Mayo Pedas,4000,2024-02-14,70,3.0,3,67.0,268000.0,Tinggi
Risol Mayo Biasa,4000,2024-02-14,70,0.0,3,70.0,280000.0,Tinggi
Sosis Solo,4000,2024-02-14,40,0.0,3,40.0,160000.0,Sedang
Tahu Isi,4000,2024-02-14,104,0.0,3,104.0,416000.0,Tinggi
Pisang Goreng,2000,2024-02-14,32,2.0,3,30.0,60000.0,Rendah
Donat Ceres,3500,2024-02-14,43,4.0,3,39.0,136500.0,Sedang
Donat Gula,3500,2024-02-14,39,6.0,3,33.0,115500.0,Sedang
Bakpau,2000,2024-02-14,68,1.0,3,67.0,134000.0,Sedang
Untuk-Untuk Pisang,2000,2024-02-14,92,0.0,3,92.0,184000.0,Sedang
Untuk-Untuk Inti,2000,2024-02-14,122,4.0,3,118.0,236000.0,Tinggi
Untuk-Untuk Kacang,2000,2024-02-14,87,0.0,3,87.0,174000.0,Sedang
Dadar Gulung,2500,2024-02-14,58,0.0,3,58.0,145000.0,Sedang
Pandan Ceres,3500,2024-02-14,30,0.0,3,30.0,105000.0,Sedang
Bolu Coklat,3500,2024-02-14,30,0.0,3,30.0,105000.0,Sedang
Bolu Kacang Hijau,3500,2024-02-14,30,4.0,3,26.0,91000.0,Rendah
Bolu Sakura,3500,2024-02-14,55,0.0,3,55.0,192500.0,Sedang
Roti Gula,3500,2024-02-14,29,3.0,3,26.0,91000.0,Rendah
Muffin Coklat,6000,2024-02-14,84,2.0,3,82.0,492000.0,Tinggi
Sarang Semut Potongan,6000,2024-02-14,25,1.0,3,24.0,144000.0,Sedang
Bolu Jadul Gulmer Potongan,3500,2024-02-14,25,2.0,3,23.0,80500.0,Rendah
Bolu Jadul Pandan Potongan,3500,2024-02-14,25,0.0,3,25.0,87500.0,Rendah
Bolu Jadul Ori Potongan,3500,2024-02-14,25,2.0,3,23.0,80500.0,Rendah
Lemper Ayam,4000,2024-02-14,60,3.0,3,57.0,228000.0,Tinggi
Lemper Abon,3500,2024-02-14,60,2.0,3,58.0,203000.0,Tinggi
Ketan Serondeng,3500,2024-02-14,56,4.0,3,52.0,182000.0,Sedang
Ketan Serondeng Pedas,3500,2024-02-14,24,1.0,3,23.0,80500.0,Rendah
Ketan Inti,3500,2024-02-14,24,0.0,3,24.0,84000.0,Rendah
Putu Ayu Putih,3500,2024-02-15,30,0.0,3,30.0,105000.0,Sedang
Putu Ayu Merah,3500,2024-02-15,60,4.0,3,56.0,196000.0,Sedang
Cantik Manis,2500,2024-02-15,144,0.0,3,144.0,360000.0,Tinggi
Cantik Manis Mika,15000,2024-02-15,12,0.0,3,12.0,180000.0,Sedang
Putu Belanda,5000,2024-02-15,36,0.0,3,36.0,180000.0,Sedang
Bingka Gula Merah,2500,2024-02-15,146,0.0,3,146.0,365000.0,Tinggi
Risol Kentang,3500,2024-02-15,104,0.0,3,104.0,364000.0,Tinggi
Risol Mayo Pedas,4000,2024-02-15,70,0.0,3,70.0,280000.0,Tinggi
Risol Mayo Biasa,4000,2024-02-15,70,0.0,3,70.0,280000.0,Tinggi
Sosis Solo,4000,2024-02-15,40,0.0,3,40.0,160000.0,Sedang
Tahu Isi,4000,2024-02-15,54,4.0,3,50.0,200000.0,Sedang
Pisang Goreng,2000,2024-02-15,32,0.0,3,32.0,64000.0,Rendah
Donat Ceres,3500,2024-02-15,43,5.0,3,38.0,133000.0,Sedang
Donat Gula,3500,2024-02-15,39,0.0,3,39.0,136500.0,Sedang
Bakpau,2000,2024-02-15,68,7.0,3,61.0,122000.0,Sedang
Untuk-Untuk Pisang,2000,2024-02-15,92,0.0,3,92.0,184000.0,Sedang
Untuk-Untuk Inti,2000,2024-02-15,122,0.0,3,122.0,244000.0,Tinggi
Untuk-Untuk Kacang,2000,2024-02-15,87,0.0,3,87.0,174000.0,Sedang
Pandan Ceres,3500,2024-02-15,30,3.0,3,27.0,94500.0,Rendah
Bolu Coklat,3500,2024-02-15,30,0.0,3,30.0,105000.0,Sedang
Bolu Kacang Hijau,3500,2024-02-15,30,5.0,3,25.0,87500.0,Rendah
Bolu Sakura,3500,2024-02-15,55,6.0,3,49.0,171500.0,Sedang
SUS,4000,2024-02-15,84,0.0,3,84.0,336000.0,Tinggi
Roti Gula,3500,2024-02-15,29,2.0,3,27.0,94500.0,Rendah
Muffin Coklat,6000,2024-02-15,36,3.0,3,33.0,198000.0,Sedang
Sarang Semut Potongan,6000,2024-02-15,25,0.0,3,25.0,150000.0,Sedang
Bolu Jadul Gulmer Potongan,3500,2024-02-15,25,0.0,3,25.0,87500.0,Rendah
Bolu Jadul Pandan Potongan,3500,2024-02-15,25,0.0,3,25.0,87500.0,Rendah
Bolu Jadul Ori Potongan,3500,2024-02-15,25,0.0,3,25.0,87500.0,Rendah
Bolu Kukus Pink,4000,2024-02-15,96,0.0,3,96.0,384000.0,Tinggi
Bolu Kukus Hijau,4000,2024-02-15,90,0.0,3,90.0,360000.0,Tinggi
Bolu Kukus Ungu,4000,2024-02-15,98,0.0,3,98.0,392000.0,Tinggi
Bolu Kukus Coklat,4000,2024-02-15,94,0.0,3,94.0,376000.0,Tinggi
Wajik,4500,2024-02-15,75,0.0,3,75.0,337500.0,Tinggi
Lemper Ayam,4000,2024-02-15,60,7.0,3,53.0,212000.0,Tinggi
Lemper Abon,3500,2024-02-15,60,4.0,3,56.0,196000.0,Sedang
Ketan Serondeng,3500,2024-02-15,56,0.0,3,56.0,196000.0,Sedang
Ketan Serondeng Pedas,3500,2024-02-15,24,0.0,3,24.0,84000.0,Rendah
Ketan Inti,3500,2024-02-15,24,0.0,3,24.0,84000.0,Rendah
Putu Ayu Putih,3500,2024-02-16,33,0.0,3,33.0,115500.0,Sedang
Putu Ayu Merah,3500,2024-02-16,59,0.0,3,59.0,206500.0,Tinggi
Cantik Manis,2500,2024-02-16,144,0.0,3,144.0,360000.0,Tinggi
Cantik Manis Mika,15000,2024-02-16,12,0.0,3,12.0,180000.0,Sedang
Putu Belanda,5000,2024-02-16,36,0.0,3,36.0,180000.0,Sedang
Bingka Gula Merah,2500,2024-02-16,152,0.0,3,152.0,380000.0,Tinggi
Bingka Kentang,3000,2024-02-16,100,0.0,3,100.0,300000.0,Tinggi
Risol Kentang,3500,2024-02-16,104,0.0,3,104.0,364000.0,Tinggi
Risol Mayo Pedas,4000,2024-02-16,70,0.0,3,70.0,280000.0,Tinggi
Risol Mayo Biasa,4000,2024-02-16,70,0.0,3,70.0,280000.0,Tinggi
Sosis Solo,4000,2024-02-16,40,0.0,3,40.0,160000.0,Sedang
Tahu Isi,4000,2024-02-16,54,4.0,3,50.0,200000.0,Sedang
Pisang Goreng,2000,2024-02-16,32,0.0,3,32.0,64000.0,Rendah
Donat Ceres,3500,2024-02-16,43,5.0,3,38.0,133000.0,Sedang
Donat Gula,3500,2024-02-16,39,0.0,3,39.0,136500.0,Sedang
Bakpau,2000,2024-02-16,68,7.0,3,61.0,122000.0,Sedang
Untuk-Untuk Pisang,2000,2024-02-16,92,0.0,3,92.0,184000.0,Sedang
Untuk-Untuk Inti,2000,2024-02-16,122,0.0,3,122.0,244000.0,Tinggi
Untuk-Untuk Kacang,2000,2024-02-16,87,0.0,3,87.0,174000.0,Sedang
Pandan Ceres,3500,2024-02-16,32,3.0,3,29.0,101500.0,Sedang
Bolu Coklat,3500,2024-02-16,28,0.0,3,28.0,98000.0,Rendah
Bolu Kacang Hijau,3500,2024-02-16,30,5.0,3,25.0,87500.0,Rendah
Bolu Sakura,3500,2024-02-16,55,6.0,3,49.0,171500.0,Sedang
SUS,4000,2024-02-16,84,0.0,3,84.0,336000.0,Tinggi
Roti Gula,3500,2024-02-16,30,2.0,3,28.0,98000.0,Rendah
Muffin Coklat,6000,2024-02-16,36,3.0,3,33.0,198000.0,Sedang
Sarang Semut Potongan,6000,2024-02-16,25,0.0,3,25.0,150000.0,Sedang
Bolu Jadul Gulmer Potongan,3500,2024-02-16,25,0.0,3,25.0,87500.0,Rendah
Bolu Jadul Pandan Potongan,3500,2024-02-16,26,0.0,3,26.0,91000.0,Rendah
Bolu Jadul Ori Potongan,3500,2024-02-16,27,0.0,3,27.0,94500.0,Rendah
Bolu Kukus Pink,4000,2024-02-16,97,0.0,3,97.0,388000.0,Tinggi
Bolu Kukus Hijau,4000,2024-02-16,91,0.0,3,91.0,364000.0,Tinggi
Bolu Kukus Ungu,4000,2024-02-16,98,0.0,3,98.0,392000.0,Tinggi
Bolu Kukus Coklat,4000,2024-02-16,92,0.0,3,92.0,368000.0,Tinggi
Wajik,4500,2024-02-16,75,0.0,3,75.0,337500.0,Tinggi
Lemper Ayam,4000,2024-02-16,60,7.0,3,53.0,212000.0,Tinggi
Lemper Abon,3500,2024-02-16,60,4.0,3,56.0,196000.0,Sedang
Ketan Serondeng,3500,2024-02-16,56,0.0,3,56.0,196000.0,Sedang
Ketan Serondeng Pedas,3500,2024-02-16,23,0.0,3,23.0,80500.0,Rendah
Ketan Inti,3500,2024-02-16,26,0.0,3,26.0,91000.0,Rendah
jintan,25000,2024-02-16,21,0.0,3,21.0,525000.0,Tinggi
Putu Ayu Putih,3500,2024-02-17,31,2.0,3,29.0,101500.0,Sedang
Putu Ayu Merah,3500,2024-02-17,62,3.0,3,59.0,206500.0,Tinggi
Cantik Manis,2500,2024-02-17,143,1.0,3,142.0,355000.0,Tinggi
Cantik Manis Mika,15000,2024-02-17,13,0.0,3,13.0,195000.0,Sedang
Putu Belanda,5000,2024-02-17,36,0.0,3,36.0,180000.0,Sedang
Roti Balok,5000,2024-02-17,43,0.0,3,43.0,215000.0,Tinggi
Bingka Pisang,2500,2024-02-17,125,1.0,3,124.0,310000.0,Tinggi
Bingka Gula Merah,2500,2024-02-17,146,3.0,3,143.0,357500.0,Tinggi
Bingka Kentang,3000,2024-02-17,97,0.0,3,97.0,291000.0,Tinggi
Risol Kentang,3500,2024-02-17,104,3.0,3,101.0,353500.0,Tinggi
Risol Mayo Pedas,4000,2024-02-17,70,4.0,3,66.0,264000.0,Tinggi
Risol Mayo Biasa,4000,2024-02-17,70,2.0,3,68.0,272000.0,Tinggi
Sosis Solo,4000,2024-02-17,40,0.0,3,40.0,160000.0,Sedang
Tahu Isi,4000,2024-02-17,54,0.0,3,54.0,216000.0,Tinggi
Pisang Goreng,2000,2024-02-17,32,0.0,3,32.0,64000.0,Rendah
Donat Ceres,3500,2024-02-17,43,2.0,3,41.0,143500.0,Sedang
Donat Gula,3500,2024-02-17,39,0.0,3,39.0,136500.0,Sedang
Bakpau,2000,2024-02-17,68,2.0,3,66.0,132000.0,Sedang
Untuk-Untuk Pisang,2000,2024-02-17,92,0.0,3,92.0,184000.0,Sedang
Untuk-Untuk Inti,2000,2024-02-17,128,0.0,3,128.0,256000.0,Tinggi
Untuk-Untuk Kacang,2000,2024-02-17,87,2.0,3,85.0,170000.0,Sedang
Dadar Gulung,2500,2024-02-17,58,3.0,3,55.0,137500.0,Sedang
Pandan Ceres,3500,2024-02-17,30,0.0,3,30.0,105000.0,Sedang
Bolu Coklat,3500,2024-02-17,30,0.0,3,30.0,105000.0,Sedang
Bolu Kacang Hijau,3500,2024-02-17,30,0.0,3,30.0,105000.0,Sedang
Bolu Sakura,3500,2024-02-17,55,2.0,3,53.0,185500.0,Sedang
Roti Gula,3500,2024-02-17,29,0.0,3,29.0,101500.0,Sedang
Muffin Coklat,6000,2024-02-17,36,1.0,3,35.0,210000.0,Tinggi
Sarang Semut Potongan,6000,2024-02-17,25,2.0,3,23.0,138000.0,Sedang
Bolu Jadul Gulmer Potongan,3500,2024-02-17,25,0.0,3,25.0,87500.0,Rendah
Bolu Jadul Pandan Potongan,3500,2024-02-17,25,1.0,3,24.0,84000.0,Rendah
Bolu Jadul Ori Potongan,3500,2024-02-17,25,1.0,3,24.0,84000.0,Rendah
Lemper Ayam,4000,2024-02-17,60,0.0,3,60.0,240000.0,Tinggi
Lemper Abon,3500,2024-02-17,60,3.0,3,57.0,199500.0,Sedang
Ketan Serondeng,3500,2024-02-17,56,4.0,3,52.0,182000.0,Sedang
Ketan Serondeng Pedas,3500,2024-02-17,24,2.0,3,22.0,77000.0,Rendah
Ketan Inti,3500,2024-02-17,24,2.0,3,22.0,77000.0,Rendah
Putu Ayu Putih,3500,2024-02-18,30,0.0,4,30.0,105000.0,Sedang
Putu Ayu Merah,3500,2024-02-18,60,4.0,4,56.0,196000.0,Sedang
Cantik Manis,2500,2024-02-18,141,0.0,4,141.0,352500.0,Tinggi
Cantik Manis Mika,15000,2024-02-18,12,0.0,4,12.0,180000.0,Sedang
Putu Belanda,5000,2024-02-18,36,0.0,4,36.0,180000.0,Sedang
Bingka Gula Merah,2500,2024-02-18,146,0.0,4,146.0,365000.0,Tinggi
Bingka Kentang,3000,2024-02-18,97,4.0,4,93.0,279000.0,Tinggi
Risol Kentang,3500,2024-02-18,100,0.0,4,100.0,350000.0,Tinggi
Risol Mayo Pedas,4000,2024-02-18,69,0.0,4,69.0,276000.0,Tinggi
Risol Mayo Biasa,4000,2024-02-18,70,0.0,4,70.0,280000.0,Tinggi
Sosis Solo,4000,2024-02-18,38,0.0,4,38.0,152000.0,Sedang
Tahu Isi,4000,2024-02-18,51,4.0,4,47.0,188000.0,Sedang
Pisang Goreng,2000,2024-02-18,34,0.0,4,34.0,68000.0,Rendah
Donat Ceres,3500,2024-02-18,41,3.0,4,38.0,133000.0,Sedang
Donat Gula,3500,2024-02-18,40,0.0,4,40.0,140000.0,Sedang
Bakpau,2000,2024-02-18,69,7.0,4,62.0,124000.0,Sedang
Untuk-Untuk Pisang,2000,2024-02-18,100,0.0,4,100.0,200000.0,Sedang
Untuk-Untuk Inti,2000,2024-02-18,125,0.0,4,125.0,250000.0,Tinggi
Untuk-Untuk Kacang,2000,2024-02-18,86,0.0,4,86.0,172000.0,Sedang
Dadar Gulung,2500,2024-02-18,55,0.0,4,55.0,137500.0,Sedang
Pandan Ceres,3500,2024-02-18,32,3.0,4,29.0,101500.0,Sedang
Bolu Coklat,3500,2024-02-18,18,0.0,4,18.0,63000.0,Rendah
Bolu Kacang Hijau,3500,2024-02-18,30,0.0,4,30.0,105000.0,Sedang
Bolu Sakura,3500,2024-02-18,55,6.0,4,49.0,171500.0,Sedang
SUS,4000,2024-02-18,84,0.0,4,84.0,336000.0,Tinggi
Roti Gula,3500,2024-02-18,29,2.0,4,27.0,94500.0,Rendah
Muffin Coklat,6000,2024-02-18,36,3.0,4,33.0,198000.0,Sedang
Sarang Semut Potongan,6000,2024-02-18,25,0.0,4,25.0,150000.0,Sedang
Bolu Jadul Gulmer Potongan,3500,2024-02-18,25,0.0,4,25.0,87500.0,Rendah
Bolu Jadul Pandan Potongan,3500,2024-02-18,25,0.0,4,25.0,87500.0,Rendah
Bolu Jadul Ori Potongan,3500,2024-02-18,25,0.0,4,25.0,87500.0,Rendah
Bolu Kukus Pink,4000,2024-02-18,96,0.0,4,96.0,384000.0,Tinggi
Bolu Kukus Hijau,4000,2024-02-18,90,0.0,4,90.0,360000.0,Tinggi
Bolu Kukus Ungu,4000,2024-02-18,98,0.0,4,98.0,392000.0,Tinggi
Bolu Kukus Coklat,4000,2024-02-18,94,0.0,4,94.0,376000.0,Tinggi
Wajik,4500,2024-02-18,75,0.0,4,75.0,337500.0,Tinggi
Lemper Ayam,4000,2024-02-18,60,7.0,4,53.0,212000.0,Tinggi
Lemper Abon,3500,2024-02-18,60,4.0,4,56.0,196000.0,Sedang
Ketan Serondeng,3500,2024-02-18,56,0.0,4,56.0,196000.0,Sedang
Ketan Serondeng Pedas,3500,2024-02-18,24,0.0,4,24.0,84000.0,Rendah
Ketan Inti,3500,2024-02-18,24,0.0,4,24.0,84000.0,Rendah
Putu Ayu Putih,3500,2024-02-19,29,0.0,4,29.0,101500.0,Sedang
Putu Ayu Merah,3500,2024-02-19,59,0.0,4,59.0,206500.0,Tinggi
Cantik Manis,2500,2024-02-19,142,0.0,4,142.0,355000.0,Tinggi
Cantik Manis Mika,15000,2024-02-19,12,0.0,4,12.0,180000.0,Sedang
Putu Belanda,5000,2024-02-19,35,0.0,4,35.0,175000.0,Sedang
Roti Balok,5000,2024-02-19,43,0.0,4,43.0,215000.0,Tinggi
Bingka Pisang,2500,2024-02-19,127,1.0,4,126.0,315000.0,Tinggi
Bingka Gula Merah,2500,2024-02-19,145,2.0,4,143.0,357500.0,Tinggi
Bingka Kentang,3000,2024-02-19,97,1.0,4,96.0,288000.0,Tinggi
Risol Kentang,3500,2024-02-19,95,3.0,4,92.0,322000.0,Tinggi
Risol Mayo Pedas,4000,2024-02-19,69,2.0,4,67.0,268000.0,Tinggi
Risol Mayo Biasa,4000,2024-02-19,68,1.0,4,67.0,268000.0,Tinggi
Sosis Solo,4000,2024-02-19,40,4.0,4,36.0,144000.0,Sedang
Tahu Isi,4000,2024-02-19,54,0.0,4,54.0,216000.0,Tinggi
Pisang Goreng,2000,2024-02-19,32,0.0,4,32.0,64000.0,Rendah
Donat Ceres,3500,2024-02-19,43,0.0,4,43.0,150500.0,Sedang
Donat Gula,3500,2024-02-19,39,0.0,4,39.0,136500.0,Sedang
Bakpau,2000,2024-02-19,68,0.0,4,68.0,136000.0,Sedang
Untuk-Untuk Pisang,2000,2024-02-19,92,0.0,4,92.0,184000.0,Sedang
Untuk-Untuk Inti,2000,2024-02-19,120,0.0,4,120.0,240000.0,Tinggi
Untuk-Untuk Kacang,2000,2024-02-19,87,0.0,4,87.0,174000.0,Sedang
Dadar Gulung,2500,2024-02-19,58,0.0,4,58.0,145000.0,Sedang
Pandan Ceres,3500,2024-02-19,30,0.0,4,30.0,105000.0,Sedang
Bolu Coklat,3500,2024-02-19,30,2.0,4,28.0,98000.0,Rendah
Bolu Kacang Hijau,3500,2024-02-19,30,3.0,4,27.0,94500.0,Rendah
Bolu Sakura,3500,2024-02-19,55,0.0,4,55.0,192500.0,Sedang
Roti Gula,3500,2024-02-19,29,3.0,4,26.0,91000.0,Rendah
Muffin Coklat,6000,2024-02-19,36,0.0,4,36.0,216000.0,Tinggi
Sarang Semut Potongan,6000,2024-02-19,25,4.0,4,21.0,126000.0,Sedang
Bolu Jadul Gulmer Potongan,3500,2024-02-19,25,0.0,4,25.0,87500.0,Rendah
Bolu Jadul Pandan Potongan,3500,2024-02-19,25,1.0,4,24.0,84000.0,Rendah
Bolu Jadul Ori Potongan,3500,2024-02-19,25,0.0,4,25.0,87500.0,Rendah
Lemper Ayam,4000,2024-02-19,60,0.0,4,60.0,240000.0,Tinggi
Lemper Abon,3500,2024-02-19,60,0.0,4,60.0,210000.0,Tinggi
Ketan Serondeng,3500,2024-02-19,56,0.0,4,56.0,196000.0,Sedang
Ketan Serondeng Pedas,3500,2024-02-19,24,0.0,4,24.0,84000.0,Rendah
Ketan Inti,3500,2024-02-19,24,0.0,4,24.0,84000.0,Rendah
Putu Ayu Putih,3500,2024-02-20,30,0.0,4,30.0,105000.0,Sedang
Putu Ayu Merah,3500,2024-02-20,60,4.0,4,56.0,196000.0,Sedang
Cantik Manis,2500,2024-02-20,144,0.0,4,144.0,360000.0,Tinggi
Cantik Manis Mika,15000,2024-02-20,12,0.0,4,12.0,180000.0,Sedang
Putu Belanda,5000,2024-02-20,36,0.0,4,36.0,180000.0,Sedang
Roti Balok,5000,2024-02-20,43,5.0,4,38.0,190000.0,Sedang
Bingka Gula Merah,2500,2024-02-20,146,0.0,4,146.0,365000.0,Tinggi
Bingka Kentang,3000,2024-02-20,97,7.0,4,90.0,270000.0,Tinggi
Risol Kentang,3500,2024-02-20,112,0.0,4,112.0,392000.0,Tinggi
Risol Mayo Pedas,4000,2024-02-20,72,0.0,4,72.0,288000.0,Tinggi
Risol Mayo Biasa,4000,2024-02-20,70,0.0,4,70.0,280000.0,Tinggi
Sosis Solo,4000,2024-02-20,40,0.0,4,40.0,160000.0,Sedang
Tahu Isi,4000,2024-02-20,54,4.0,4,50.0,200000.0,Sedang
Pisang Goreng,2000,2024-02-20,32,0.0,4,32.0,64000.0,Rendah
Donat Ceres,3500,2024-02-20,43,5.0,4,38.0,133000.0,Sedang
Donat Gula,3500,2024-02-20,39,0.0,4,39.0,136500.0,Sedang
Bakpau,2000,2024-02-20,68,7.0,4,61.0,122000.0,Sedang
Untuk-Untuk Pisang,2000,2024-02-20,92,0.0,4,92.0,184000.0,Sedang
Untuk-Untuk Inti,2000,2024-02-20,122,0.0,4,122.0,244000.0,Tinggi
Untuk-Untuk Kacang,2000,2024-02-20,87,0.0,4,87.0,174000.0,Sedang
Dadar Gulung,2500,2024-02-20,58,2.0,4,56.0,140000.0,Sedang
Pandan Ceres,3500,2024-02-20,30,3.0,4,27.0,94500.0,Rendah
Bolu Coklat,3500,2024-02-20,30,0.0,4,30.0,105000.0,Sedang
Bolu Kacang Hijau,3500,2024-02-20,30,5.0,4,25.0,87500.0,Rendah
Bolu Sakura,3500,2024-02-20,55,6.0,4,49.0,171500.0,Sedang
SUS,4000,2024-02-20,84,0.0,4,84.0,336000.0,Tinggi
Roti Gula,3500,2024-02-20,29,2.0,4,27.0,94500.0,Rendah
Muffin Coklat,6000,2024-02-20,36,3.0,4,33.0,198000.0,Sedang
Sarang Semut Potongan,6000,2024-02-20,25,0.0,4,25.0,150000.0,Sedang
Bolu Jadul Gulmer Potongan,3500,2024-02-20,25,0.0,4,25.0,87500.0,Rendah
Bolu Jadul Pandan Potongan,3500,2024-02-20,25,0.0,4,25.0,87500.0,Rendah
Bolu Jadul Ori Potongan,3500,2024-02-20,25,0.0,4,25.0,87500.0,Rendah
Bolu Kukus Pink,4000,2024-02-20,96,0.0,4,96.0,384000.0,Tinggi
Bolu Kukus Hijau,4000,2024-02-20,90,0.0,4,90.0,360000.0,Tinggi
Bolu Kukus Ungu,4000,2024-02-20,98,0.0,4,98.0,392000.0,Tinggi
Bolu Kukus Coklat,4000,2024-02-20,94,0.0,4,94.0,376000.0,Tinggi
Wajik,4500,2024-02-20,75,0.0,4,75.0,337500.0,Tinggi
Lemper Ayam,4000,2024-02-20,60,7.0,4,53.0,212000.0,Tinggi
Lemper Abon,3500,2024-02-20,60,4.0,4,56.0,196000.0,Sedang
Ketan Serondeng,3500,2024-02-20,56,0.0,4,56.0,196000.0,Sedang
Ketan Serondeng Pedas,3500,2024-02-20,24,0.0,4,24.0,84000.0,Rendah
Ketan Inti,3500,2024-02-20,24,0.0,4,24.0,84000.0,Rendah
Putu Ayu Putih,3500,2024-02-21,28,0.0,4,28.0,98000.0,Rendah
Putu Ayu Merah,3500,2024-02-21,61,0.0,4,61.0,213500.0,Tinggi
Cantik Manis,2500,2024-02-21,140,0.0,4,140.0,350000.0,Tinggi
Cantik Manis Mika,15000,2024-02-21,11,0.0,4,11.0,165000.0,Sedang
Putu Belanda,5000,2024-02-21,36,0.0,4,36.0,180000.0,Sedang
Roti Balok,5000,2024-02-21,43,0.0,4,43.0,215000.0,Tinggi
Bingka Pisang,2500,2024-02-21,125,0.0,4,125.0,312500.0,Tinggi
Bingka Gula Merah,2500,2024-02-21,146,3.0,4,143.0,357500.0,Tinggi
Bingka Kentang,3000,2024-02-21,97,2.0,4,95.0,285000.0,Tinggi
Risol Kentang,3500,2024-02-21,104,1.0,4,103.0,360500.0,Tinggi
Risol Mayo Pedas,4000,2024-02-21,70,5.0,4,65.0,260000.0,Tinggi
Risol Mayo Biasa,4000,2024-02-21,70,3.0,4,67.0,268000.0,Tinggi
Sosis Solo,4000,2024-02-21,40,2.0,4,38.0,152000.0,Sedang
Tahu Isi,4000,2024-02-21,54,4.0,4,50.0,200000.0,Sedang
Pisang Goreng,2000,2024-02-21,32,0.0,4,32.0,64000.0,Rendah
Donat Ceres,3500,2024-02-21,43,0.0,4,43.0,150500.0,Sedang
Donat Gula,3500,2024-02-21,39,2.0,4,37.0,129500.0,Sedang
Bakpau,2000,2024-02-21,68,1.0,4,67.0,134000.0,Sedang
Untuk-Untuk Pisang,2000,2024-02-21,92,0.0,4,92.0,184000.0,Sedang
Untuk-Untuk Inti,2000,2024-02-21,122,0.0,4,122.0,244000.0,Tinggi
Untuk-Untuk Kacang,2000,2024-02-21,87,0.0,4,87.0,174000.0,Sedang
Dadar Gulung,2500,2024-02-21,58,2.0,4,56.0,140000.0,Sedang
Pandan Ceres,3500,2024-02-21,30,1.0,4,29.0,101500.0,Sedang
Bolu Coklat,3500,2024-02-21,30,0.0,4,30.0,105000.0,Sedang
Bolu Kacang Hijau,3500,2024-02-21,30,2.0,4,28.0,98000.0,Rendah
Bolu Sakura,3500,2024-02-21,55,0.0,4,55.0,192500.0,Sedang
Roti Gula,3500,2024-02-21,29,1.0,4,28.0,98000.0,Rendah
Muffin Coklat,6000,2024-02-21,36,3.0,4,33.0,198000.0,Sedang
Sarang Semut Potongan,6000,2024-02-21,25,0.0,4,25.0,150000.0,Sedang
Bolu Jadul Gulmer Potongan,3500,2024-02-21,25,0.0,4,25.0,87500.0,Rendah
Bolu Jadul Pandan Potongan,3500,2024-02-21,25,0.0,4,25.0,87500.0,Rendah
Bolu Jadul Ori Potongan,3500,2024-02-21,25,3.0,4,22.0,77000.0,Rendah
Lemper Ayam,4000,2024-02-21,60,2.0,4,58.0,232000.0,Tinggi
Lemper Abon,3500,2024-02-21,60,0.0,4,60.0,210000.0,Tinggi
Ketan Serondeng,3500,2024-02-21,56,4.0,4,52.0,182000.0,Sedang
Ketan Serondeng Pedas,3500,2024-02-21,24,5.0,4,19.0,66500.0,Rendah
Ketan Inti,3500,2024-02-21,24,4.0,4,20.0,70000.0,Rendah
Putu Ayu Putih,3500,2024-02-22,30,0.0,4,30.0,105000.0,Sedang
Putu Ayu Merah,3500,2024-02-22,60,4.0,4,56.0,196000.0,Sedang
Cantik Manis,2500,2024-02-22,144,0.0,4,144.0,360000.0,Tinggi
Cantik Manis Mika,15000,2024-02-22,12,0.0,4,12.0,180000.0,Sedang
Putu Belanda,5000,2024-02-22,36,0.0,4,36.0,180000.0,Sedang
Roti Balok,5000,2024-02-22,43,6.0,4,37.0,185000.0,Sedang
Bingka Gula Merah,2500,2024-02-22,143,0.0,4,143.0,357500.0,Tinggi
Risol Kentang,3500,2024-02-22,102,0.0,4,102.0,357000.0,Tinggi
Risol Mayo Pedas,4000,2024-02-22,68,0.0,4,68.0,272000.0,Tinggi
Risol Mayo Biasa,4000,2024-02-22,70,0.0,4,70.0,280000.0,Tinggi
Sosis Solo,4000,2024-02-22,40,0.0,4,40.0,160000.0,Sedang
Tahu Isi,4000,2024-02-22,54,4.0,4,50.0,200000.0,Sedang
Pisang Goreng,2000,2024-02-22,32,0.0,4,32.0,64000.0,Rendah
Donat Ceres,3500,2024-02-22,42,5.0,4,37.0,129500.0,Sedang
Donat Gula,3500,2024-02-22,39,0.0,4,39.0,136500.0,Sedang
Bakpau,2000,2024-02-22,68,7.0,4,61.0,122000.0,Sedang
Untuk-Untuk Pisang,2000,2024-02-22,92,0.0,4,92.0,184000.0,Sedang
Untuk-Untuk Inti,2000,2024-02-22,126,0.0,4,126.0,252000.0,Tinggi
Untuk-Untuk Kacang,2000,2024-02-22,86,0.0,4,86.0,172000.0,Sedang
Dadar Gulung,2500,2024-02-22,58,5.0,4,53.0,132500.0,Sedang
Pandan Ceres,3500,2024-02-22,29,3.0,4,26.0,91000.0,Rendah
Bolu Coklat,3500,2024-02-22,30,0.0,4,30.0,105000.0,Sedang
Bolu Kacang Hijau,3500,2024-02-22,28,5.0,4,23.0,80500.0,Rendah
Bolu Sakura,3500,2024-02-22,55,6.0,4,49.0,171500.0,Sedang
SUS,4000,2024-02-22,84,0.0,4,84.0,336000.0,Tinggi
Roti Gula,3500,2024-02-22,29,2.0,4,27.0,94500.0,Rendah
Muffin Coklat,6000,2024-02-22,36,3.0,4,33.0,198000.0,Sedang
Sarang Semut Potongan,6000,2024-02-22,25,0.0,4,25.0,150000.0,Sedang
Bolu Jadul Gulmer Potongan,3500,2024-02-22,25,0.0,4,25.0,87500.0,Rendah
Bolu Jadul Pandan Potongan,3500,2024-02-22,25,0.0,4,25.0,87500.0,Rendah
Bolu Jadul Ori Potongan,3500,2024-02-22,25,0.0,4,25.0,87500.0,Rendah
Bolu Kukus Pink,4000,2024-02-22,97,0.0,4,97.0,388000.0,Tinggi
Bolu Kukus Hijau,4000,2024-02-22,88,0.0,4,88.0,352000.0,Tinggi
Bolu Kukus Ungu,4000,2024-02-22,98,0.0,4,98.0,392000.0,Tinggi
Bolu Kukus Coklat,4000,2024-02-22,94,0.0,4,94.0,376000.0,Tinggi
Wajik,4500,2024-02-22,75,0.0,4,75.0,337500.0,Tinggi
Lemper Ayam,4000,2024-02-22,63,7.0,4,56.0,224000.0,Tinggi
Lemper Abon,3500,2024-02-22,61,4.0,4,57.0,199500.0,Sedang
Ketan Serondeng,3500,2024-02-22,56,0.0,4,56.0,196000.0,Sedang
Ketan Serondeng Pedas,3500,2024-02-22,24,0.0,4,24.0,84000.0,Rendah
Ketan Inti,3500,2024-02-22,20,0.0,4,20.0,70000.0,Rendah
jintan,25000,2024-02-22,20,0.0,4,20.0,500000.0,Tinggi
Putu Ayu Putih,3500,2024-02-23,32,0.0,4,32.0,112000.0,Sedang
Putu Ayu Merah,3500,2024-02-23,59,0.0,4,59.0,206500.0,Tinggi
Cantik Manis,2500,2024-02-23,140,0.0,4,140.0,350000.0,Tinggi
Cantik Manis Mika,15000,2024-02-23,11,0.0,4,11.0,165000.0,Sedang
Putu Belanda,5000,2024-02-23,37,2.0,4,35.0,175000.0,Sedang
Roti Balok,5000,2024-02-23,41,3.0,4,38.0,190000.0,Sedang
Bingka Pisang,2500,2024-02-23,125,1.0,4,124.0,310000.0,Tinggi
Bingka Gula Merah,2500,2024-02-23,146,0.0,4,146.0,365000.0,Tinggi
Bingka Kentang,3000,2024-02-23,98,0.0,4,98.0,294000.0,Tinggi
Risol Kentang,3500,2024-02-23,110,2.0,4,108.0,378000.0,Tinggi
Risol Mayo Pedas,4000,2024-02-23,70,3.0,4,67.0,268000.0,Tinggi
Risol Mayo Biasa,4000,2024-02-23,71,2.0,4,69.0,276000.0,Tinggi
Sosis Solo,4000,2024-02-23,38,4.0,4,34.0,136000.0,Sedang
Tahu Isi,4000,2024-02-23,54,2.0,4,52.0,208000.0,Tinggi
Pisang Goreng,2000,2024-02-23,32,1.0,4,31.0,62000.0,Rendah
Donat Ceres,3500,2024-02-23,42,1.0,4,41.0,143500.0,Sedang
Donat Gula,3500,2024-02-23,39,1.0,4,38.0,133000.0,Sedang
Bakpau,2000,2024-02-23,68,0.0,4,68.0,136000.0,Sedang
Untuk-Untuk Pisang,2000,2024-02-23,95,2.0,4,93.0,186000.0,Sedang
Untuk-Untuk Inti,2000,2024-02-23,125,1.0,4,124.0,248000.0,Tinggi
Untuk-Untuk Kacang,2000,2024-02-23,90,4.0,4,86.0,172000.0,Sedang
Dadar Gulung,2500,2024-02-23,60,5.0,4,55.0,137500.0,Sedang
Pandan Ceres,3500,2024-02-23,29,7.0,4,22.0,77000.0,Rendah
Bolu Coklat,3500,2024-02-23,31,2.0,4,29.0,101500.0,Sedang
Bolu Kacang Hijau,3500,2024-02-23,32,1.0,4,31.0,108500.0,Sedang
Bolu Sakura,3500,2024-02-23,56,0.0,4,56.0,196000.0,Sedang
Roti Gula,3500,2024-02-23,30,0.0,4,30.0,105000.0,Sedang
Muffin Coklat,6000,2024-02-23,35,0.0,4,35.0,210000.0,Tinggi
Sarang Semut Potongan,6000,2024-02-23,25,0.0,4,25.0,150000.0,Sedang
Bolu Jadul Gulmer Potongan,3500,2024-02-23,25,1.0,4,24.0,84000.0,Rendah
Bolu Jadul Pandan Potongan,3500,2024-02-23,25,3.0,4,22.0,77000.0,Rendah
Bolu Jadul Ori Potongan,3500,2024-02-23,25,2.0,4,23.0,80500.0,Rendah
Lemper Ayam,4000,2024-02-23,65,5.0,4,60.0,240000.0,Tinggi
Lemper Abon,3500,2024-02-23,63,2.0,4,61.0,213500.0,Tinggi
Ketan Serondeng,3500,2024-02-23,55,7.0,4,48.0,168000.0,Sedang
Ketan Serondeng Pedas,3500,2024-02-23,20,2.0,4,18.0,63000.0,Rendah
Ketan Inti,3500,2024-02-23,24,2.0,4,22.0,77000.0,Rendah
Putu Ayu Putih,3500,2024-02-24,29,0.0,4,29.0,101500.0,Sedang
Putu Ayu Merah,3500,2024-02-24,59,4.0,4,55.0,192500.0,Sedang
Cantik Manis,2500,2024-02-24,139,0.0,4,139.0,347500.0,Tinggi
Cantik Manis Mika,15000,2024-02-24,12,0.0,4,12.0,180000.0,Sedang
Putu Belanda,5000,2024-02-24,36,0.0,4,36.0,180000.0,Sedang
Roti Balok,5000,2024-02-24,45,2.0,4,43.0,215000.0,Tinggi
Bingka Pisang,2500,2024-02-24,125,1.0,4,124.0,310000.0,Tinggi
Bingka Gula Merah,2500,2024-02-24,146,1.0,4,145.0,362500.0,Tinggi
Bingka Kentang,3000,2024-02-24,97,1.0,4,96.0,288000.0,Tinggi
Risol Kentang,3500,2024-02-24,104,2.0,4,102.0,357000.0,Tinggi
Risol Mayo Pedas,4000,2024-02-24,70,3.0,4,67.0,268000.0,Tinggi
Risol Mayo Biasa,4000,2024-02-24,68,4.0,4,64.0,256000.0,Tinggi
Sosis Solo,4000,2024-02-24,42,0.0,4,42.0,168000.0,Sedang
Tahu Isi,4000,2024-02-24,54,4.0,4,50.0,200000.0,Sedang
Pisang Goreng,2000,2024-02-24,32,0.0,4,32.0,64000.0,Rendah
Donat Ceres,3500,2024-02-24,43,5.0,4,38.0,133000.0,Sedang
Donat Gula,3500,2024-02-24,39,0.0,4,39.0,136500.0,Sedang
Bakpau,2000,2024-02-24,68,7.0,4,61.0,122000.0,Sedang
Untuk-Untuk Pisang,2000,2024-02-24,92,0.0,4,92.0,184000.0,Sedang
Untuk-Untuk Inti,2000,2024-02-24,12,0.0,4,12.0,24000.0,Rendah
Untuk-Untuk Kacang,2000,2024-02-24,87,0.0,4,87.0,174000.0,Sedang
Dadar Gulung,2500,2024-02-24,58,4.0,4,54.0,135000.0,Sedang
Pandan Ceres,3500,2024-02-24,31,3.0,4,28.0,98000.0,Rendah
Bolu Coklat,3500,2024-02-24,34,0.0,4,34.0,119000.0,Sedang
Bolu Kacang Hijau,3500,2024-02-24,30,5.0,4,25.0,87500.0,Rendah
Bolu Sakura,3500,2024-02-24,55,3.0,4,52.0,182000.0,Sedang
SUS,4000,2024-02-24,84,0.0,4,84.0,336000.0,Tinggi
Roti Gula,3500,2024-02-24,29,2.0,4,27.0,94500.0,Rendah
Muffin Coklat,6000,2024-02-24,36,3.0,4,33.0,198000.0,Sedang
Sarang Semut Potongan,6000,2024-02-24,25,0.0,4,25.0,150000.0,Sedang
Bolu Jadul Gulmer Potongan,3500,2024-02-24,25,0.0,4,25.0,87500.0,Rendah
Bolu Jadul Pandan Potongan,3500,2024-02-24,25,0.0,4,25.0,87500.0,Rendah
Bolu Jadul Ori Potongan,3500,2024-02-24,25,0.0,4,25.0,87500.0,Rendah
Bolu Kukus Pink,4000,2024-02-24,96,0.0,4,96.0,384000.0,Tinggi
Bolu Kukus Hijau,4000,2024-02-24,87,0.0,4,87.0,348000.0,Tinggi
Bolu Kukus Ungu,4000,2024-02-24,100,0.0,4,100.0,400000.0,Tinggi
Bolu Kukus Coklat,4000,2024-02-24,104,0.0,4,104.0,416000.0,Tinggi
Wajik,4500,2024-02-24,76,0.0,4,76.0,342000.0,Tinggi
Lemper Ayam,4000,2024-02-24,59,1.0,4,58.0,232000.0,Tinggi
Lemper Abon,3500,2024-02-24,62,4.0,4,58.0,203000.0,Tinggi
Ketan Serondeng,3500,2024-02-24,56,0.0,4,56.0,196000.0,Sedang
Ketan Serondeng Pedas,3500,2024-02-24,24,0.0,4,24.0,84000.0,Rendah
Ketan Inti,3500,2024-02-24,24,0.0,4,24.0,84000.0,Rendah
Putu Ayu Putih,3500,2024-02-25,33,1.0,5,32.0,112000.0,Sedang
Putu Ayu Merah,3500,2024-02-25,63,2.0,5,61.0,213500.0,Tinggi
Cantik Manis,2500,2024-02-25,144,4.0,5,140.0,350000.0,Tinggi
Cantik Manis Mika,15000,2024-02-25,12,5.0,5,7.0,105000.0,Sedang
Putu Belanda,5000,2024-02-25,36,2.0,5,34.0,170000.0,Sedang
Roti Balok,5000,2024-02-25,43,0.0,5,43.0,215000.0,Tinggi
Bingka Pisang,2500,2024-02-25,125,0.0,5,125.0,312500.0,Tinggi
Bingka Gula Merah,2500,2024-02-25,146,0.0,5,146.0,365000.0,Tinggi
Bingka Kentang,3000,2024-02-25,97,3.0,5,94.0,282000.0,Tinggi
Risol Kentang,3500,2024-02-25,104,4.0,5,100.0,350000.0,Tinggi
Risol Mayo Pedas,4000,2024-02-25,70,5.0,5,65.0,260000.0,Tinggi
Risol Mayo Biasa,4000,2024-02-25,70,1.0,5,69.0,276000.0,Tinggi
Sosis Solo,4000,2024-02-25,40,7.0,5,33.0,132000.0,Sedang
Tahu Isi,4000,2024-02-25,54,2.0,5,52.0,208000.0,Tinggi
Pisang Goreng,2000,2024-02-25,32,4.0,5,28.0,56000.0,Rendah
Donat Ceres,3500,2024-02-25,43,0.0,5,43.0,150500.0,Sedang
Donat Gula,3500,2024-02-25,39,0.0,5,39.0,136500.0,Sedang
Bakpau,2000,2024-02-25,68,0.0,5,68.0,136000.0,Sedang
Untuk-Untuk Pisang,2000,2024-02-25,92,2.0,5,90.0,180000.0,Sedang
Untuk-Untuk Inti,2000,2024-02-25,122,0.0,5,122.0,244000.0,Tinggi
Untuk-Untuk Kacang,2000,2024-02-25,87,1.0,5,86.0,172000.0,Sedang
Dadar Gulung,2500,2024-02-25,58,0.0,5,58.0,145000.0,Sedang
Pandan Ceres,3500,2024-02-25,30,0.0,5,30.0,105000.0,Sedang
Bolu Coklat,3500,2024-02-25,30,0.0,5,30.0,105000.0,Sedang
Bolu Kacang Hijau,3500,2024-02-25,30,2.0,5,28.0,98000.0,Rendah
Bolu Sakura,3500,2024-02-25,55,0.0,5,55.0,192500.0,Sedang
Roti Gula,3500,2024-02-25,29,1.0,5,28.0,98000.0,Rendah
Muffin Coklat,6000,2024-02-25,36,0.0,5,36.0,216000.0,Tinggi
Sarang Semut Potongan,6000,2024-02-25,25,2.0,5,23.0,138000.0,Sedang
Bolu Jadul Gulmer Potongan,3500,2024-02-25,25,0.0,5,25.0,87500.0,Rendah
Bolu Jadul Pandan Potongan,3500,2024-02-25,25,3.0,5,22.0,77000.0,Rendah
Bolu Jadul Ori Potongan,3500,2024-02-25,25,0.0,5,25.0,87500.0,Rendah
Lemper Ayam,4000,2024-02-25,60,0.0,5,60.0,240000.0,Tinggi
Lemper Abon,3500,2024-02-25,60,0.0,5,60.0,210000.0,Tinggi
Ketan Serondeng,3500,2024-02-25,56,0.0,5,56.0,196000.0,Sedang
Ketan Serondeng Pedas,3500,2024-02-25,24,0.0,5,24.0,84000.0,Rendah
Ketan Inti,3500,2024-02-25,24,0.0,5,24.0,84000.0,Rendah
Putu Ayu Putih,3500,2024-02-26,31,0.0,5,31.0,108500.0,Sedang
Putu Ayu Merah,3500,2024-02-26,57,4.0,5,53.0,185500.0,Sedang
Cantik Manis,2500,2024-02-26,140,0.0,5,140.0,350000.0,Tinggi
Cantik Manis Mika,15000,2024-02-26,12,0.0,5,12.0,180000.0,Sedang
Putu Belanda,5000,2024-02-26,36,0.0,5,36.0,180000.0,Sedang
Bingka Gula Merah,2500,2024-02-26,147,0.0,5,147.0,367500.0,Tinggi
Risol Kentang,3500,2024-02-26,100,0.0,5,100.0,350000.0,Tinggi
Risol Mayo Pedas,4000,2024-02-26,68,0.0,5,68.0,272000.0,Tinggi
Risol Mayo Biasa,4000,2024-02-26,70,0.0,5,70.0,280000.0,Tinggi
Sosis Solo,4000,2024-02-26,37,0.0,5,37.0,148000.0,Sedang
Tahu Isi,4000,2024-02-26,50,4.0,5,46.0,184000.0,Sedang
Pisang Goreng,2000,2024-02-26,32,0.0,5,32.0,64000.0,Rendah
Donat Ceres,3500,2024-02-26,43,5.0,5,38.0,133000.0,Sedang
Donat Gula,3500,2024-02-26,39,0.0,5,39.0,136500.0,Sedang
Bakpau,2000,2024-02-26,73,7.0,5,66.0,132000.0,Sedang
Untuk-Untuk Pisang,2000,2024-02-26,92,0.0,5,92.0,184000.0,Sedang
Untuk-Untuk Inti,2000,2024-02-26,118,0.0,5,118.0,236000.0,Tinggi
Untuk-Untuk Kacang,2000,2024-02-26,87,0.0,5,87.0,174000.0,Sedang
Dadar Gulung,2500,2024-02-26,58,2.0,5,56.0,140000.0,Sedang
Pandan Ceres,3500,2024-02-26,30,3.0,5,27.0,94500.0,Rendah
Bolu Coklat,3500,2024-02-26,30,0.0,5,30.0,105000.0,Sedang
Bolu Kacang Hijau,3500,2024-02-26,30,5.0,5,25.0,87500.0,Rendah
Bolu Sakura,3500,2024-02-26,55,0.0,5,55.0,192500.0,Sedang
SUS,4000,2024-02-26,84,0.0,5,84.0,336000.0,Tinggi
Roti Gula,3500,2024-02-26,29,2.0,5,27.0,94500.0,Rendah
Muffin Coklat,6000,2024-02-26,36,3.0,5,33.0,198000.0,Sedang
Sarang Semut Potongan,6000,2024-02-26,25,0.0,5,25.0,150000.0,Sedang
Bolu Jadul Gulmer Potongan,3500,2024-02-26,25,0.0,5,25.0,87500.0,Rendah
Bolu Jadul Pandan Potongan,3500,2024-02-26,25,0.0,5,25.0,87500.0,Rendah
Bolu Jadul Ori Potongan,3500,2024-02-26,25,0.0,5,25.0,87500.0,Rendah
Bolu Kukus Pink,4000,2024-02-26,96,0.0,5,96.0,384000.0,Tinggi
Bolu Kukus Hijau,4000,2024-02-26,90,0.0,5,90.0,360000.0,Tinggi
Bolu Kukus Ungu,4000,2024-02-26,98,0.0,5,98.0,392000.0,Tinggi
Bolu Kukus Coklat,4000,2024-02-26,94,0.0,5,94.0,376000.0,Tinggi
Wajik,4500,2024-02-26,75,0.0,5,75.0,337500.0,Tinggi
Lemper Ayam,4000,2024-02-26,60,7.0,5,53.0,212000.0,Tinggi
Lemper Abon,3500,2024-02-26,60,4.0,5,56.0,196000.0,Sedang
Ketan Serondeng,3500,2024-02-26,56,0.0,5,56.0,196000.0,Sedang
Ketan Serondeng Pedas,3500,2024-02-26,24,0.0,5,24.0,84000.0,Rendah
Ketan Inti,3500,2024-02-26,24,0.0,5,24.0,84000.0,Rendah
Putu Ayu Putih,3500,2024-02-27,93,2.0,5,91.0,318500.0,Tinggi
Putu Ayu Merah,3500,2024-02-27,62,1.0,5,61.0,213500.0,Tinggi
Cantik Manis,2500,2024-02-27,144,0.0,5,144.0,360000.0,Tinggi
Cantik Manis Mika,15000,2024-02-27,12,0.0,5,12.0,180000.0,Sedang
Putu Belanda,5000,2024-02-27,36,0.0,5,36.0,180000.0,Sedang
Roti Balok,5000,2024-02-27,43,3.0,5,40.0,200000.0,Sedang
Bingka Pisang,2500,2024-02-27,125,1.0,5,124.0,310000.0,Tinggi
Bingka Gula Merah,2500,2024-02-27,146,4.0,5,142.0,355000.0,Tinggi
Bingka Kentang,3000,2024-02-27,97,7.0,5,90.0,270000.0,Tinggi
Risol Mayo Pedas,4000,2024-02-27,70,0.0,5,70.0,280000.0,Tinggi
Risol Mayo Biasa,4000,2024-02-27,70,3.0,5,67.0,268000.0,Tinggi
Sosis Solo,4000,2024-02-27,40,5.0,5,35.0,140000.0,Sedang
Tahu Isi,4000,2024-02-27,54,0.0,5,54.0,216000.0,Tinggi
Pisang Goreng,2000,2024-02-27,32,3.0,5,29.0,58000.0,Rendah
Donat Ceres,3500,2024-02-27,43,0.0,5,43.0,150500.0,Sedang
Bakpau,2000,2024-02-27,70,0.0,5,70.0,140000.0,Sedang
Untuk-Untuk Pisang,2000,2024-02-27,90,4.0,5,86.0,172000.0,Sedang
Untuk-Untuk Inti,2000,2024-02-27,119,0.0,5,119.0,238000.0,Tinggi
Untuk-Untuk Kacang,2000,2024-02-27,87,3.0,5,84.0,168000.0,Sedang
Dadar Gulung,2500,2024-02-27,58,0.0,5,58.0,145000.0,Sedang
Pandan Ceres,3500,2024-02-27,30,2.0,5,28.0,98000.0,Rendah
Bolu Coklat,3500,2024-02-27,30,0.0,5,30.0,105000.0,Sedang
Bolu Kacang Hijau,3500,2024-02-27,30,2.0,5,28.0,98000.0,Rendah
Bolu Sakura,3500,2024-02-27,56,1.0,5,55.0,192500.0,Sedang
Roti Gula,3500,2024-02-27,30,0.0,5,30.0,105000.0,Sedang
Muffin Coklat,6000,2024-02-27,37,0.0,5,37.0,222000.0,Tinggi
Sarang Semut Potongan,6000,2024-02-27,25,4.0,5,21.0,126000.0,Sedang
Bolu Jadul Gulmer Potongan,3500,2024-02-27,25,0.0,5,25.0,87500.0,Rendah
Bolu Jadul Pandan Potongan,3500,2024-02-27,25,2.0,5,23.0,80500.0,Rendah
Bolu Jadul Ori Potongan,3500,2024-02-27,25,3.0,5,22.0,77000.0,Rendah
Lemper Ayam,4000,2024-02-27,60,0.0,5,60.0,240000.0,Tinggi
Lemper Abon,3500,2024-02-27,60,0.0,5,60.0,210000.0,Tinggi
Ketan Serondeng,3500,2024-02-27,132,0.0,5,132.0,462000.0,Tinggi
Ketan Serondeng Pedas,3500,2024-02-27,25,0.0,5,25.0,87500.0,Rendah
Ketan Inti,3500,2024-02-27,23,0.0,5,23.0,80500.0,Rendah
Putu Ayu Putih,3500,2024-02-28,30,0.0,5,30.0,105000.0,Sedang
Putu Ayu Merah,3500,2024-02-28,60,4.0,5,56.0,196000.0,Sedang
Cantik Manis,2500,2024-02-28,144,0.0,5,144.0,360000.0,Tinggi
Cantik Manis Mika,15000,2024-02-28,12,1.0,5,11.0,165000.0,Sedang
Putu Belanda,5000,2024-02-28,36,3.0,5,33.0,165000.0,Sedang
Roti Balok,5000,2024-02-28,43,1.0,5,42.0,210000.0,Tinggi
Bingka Gula Merah,2500,2024-02-28,146,0.0,5,146.0,365000.0,Tinggi
Bingka Kentang,3000,2024-02-28,97,0.0,5,97.0,291000.0,Tinggi
Risol Kentang,3500,2024-02-28,104,0.0,5,104.0,364000.0,Tinggi
Risol Mayo Pedas,4000,2024-02-28,70,0.0,5,70.0,280000.0,Tinggi
Risol Mayo Biasa,4000,2024-02-28,70,0.0,5,70.0,280000.0,Tinggi
Sosis Solo,4000,2024-02-28,40,0.0,5,40.0,160000.0,Sedang
Tahu Isi,4000,2024-02-28,54,4.0,5,50.0,200000.0,Sedang
Pisang Goreng,2000,2024-02-28,32,0.0,5,32.0,64000.0,Rendah
Donat Ceres,3500,2024-02-28,43,5.0,5,38.0,133000.0,Sedang
Donat Gula,3500,2024-02-28,39,0.0,5,39.0,136500.0,Sedang
Bakpau,2000,2024-02-28,68,7.0,5,61.0,122000.0,Sedang
Untuk-Untuk Pisang,2000,2024-02-28,92,0.0,5,92.0,184000.0,Sedang
Untuk-Untuk Inti,2000,2024-02-28,122,0.0,5,122.0,244000.0,Tinggi
Untuk-Untuk Kacang,2000,2024-02-28,87,0.0,5,87.0,174000.0,Sedang
Dadar Gulung,2500,2024-02-28,58,4.0,5,54.0,135000.0,Sedang
Pandan Ceres,3500,2024-02-28,30,3.0,5,27.0,94500.0,Rendah
Bolu Coklat,3500,2024-02-28,30,0.0,5,30.0,105000.0,Sedang
Bolu Kacang Hijau,3500,2024-02-28,30,5.0,5,25.0,87500.0,Rendah
Bolu Sakura,3500,2024-02-28,55,0.0,5,55.0,192500.0,Sedang
SUS,4000,2024-02-28,84,7.0,5,77.0,308000.0,Tinggi
Roti Gula,3500,2024-02-28,29,2.0,5,27.0,94500.0,Rendah
Muffin Coklat,6000,2024-02-28,36,3.0,5,33.0,198000.0,Sedang
Sarang Semut Potongan,6000,2024-02-28,25,0.0,5,25.0,150000.0,Sedang
Bolu Jadul Gulmer Potongan,3500,2024-02-28,25,0.0,5,25.0,87500.0,Rendah
Bolu Jadul Pandan Potongan,3500,2024-02-28,25,0.0,5,25.0,87500.0,Rendah
Bolu Jadul Ori Potongan,3500,2024-02-28,25,0.0,5,25.0,87500.0,Rendah
Bolu Kukus Pink,4000,2024-02-28,96,0.0,5,96.0,384000.0,Tinggi
Bolu Kukus Hijau,4000,2024-02-28,90,0.0,5,90.0,360000.0,Tinggi
Bolu Kukus Ungu,4000,2024-02-28,98,0.0,5,98.0,392000.0,Tinggi
Bolu Kukus Coklat,4000,2024-02-28,94,0.0,5,94.0,376000.0,Tinggi
Wajik,4500,2024-02-28,75,0.0,5,75.0,337500.0,Tinggi
Lemper Ayam,4000,2024-02-28,60,4.0,5,56.0,224000.0,Tinggi
Lemper Abon,3500,2024-02-28,60,2.0,5,58.0,203000.0,Tinggi
Ketan Serondeng,3500,2024-02-28,56,0.0,5,56.0,196000.0,Sedang
Ketan Serondeng Pedas,3500,2024-02-28,24,0.0,5,24.0,84000.0,Rendah
Ketan Inti,3500,2024-02-28,24,0.0,5,24.0,84000.0,Rendah
jintan,25000,2024-02-28,20,1.0,5,19.0,475000.0,Tinggi
Putu Ayu Putih,3500,2024-02-29,31,2.0,5,29.0,101500.0,Sedang
Putu Ayu Merah,3500,2024-02-29,62,4.0,5,58.0,203000.0,Tinggi
Cantik Manis,2500,2024-02-29,147,5.0,5,142.0,355000.0,Tinggi
Cantik Manis Mika,15000,2024-02-29,14,0.0,5,14.0,210000.0,Tinggi
Putu Belanda,5000,2024-02-29,37,0.0,5,37.0,185000.0,Sedang
Roti Balok,5000,2024-02-29,40,0.0,5,40.0,200000.0,Sedang
Bingka Pisang,2500,2024-02-29,121,0.0,5,121.0,302500.0,Tinggi
Bingka Gula Merah,2500,2024-02-29,147,2.0,5,145.0,362500.0,Tinggi
Bingka Kentang,3000,2024-02-29,98,0.0,5,98.0,294000.0,Tinggi
Risol Kentang,3500,2024-02-29,104,1.0,5,103.0,360500.0,Tinggi
Risol Mayo Pedas,4000,2024-02-29,71,0.0,5,71.0,284000.0,Tinggi
Risol Mayo Biasa,4000,2024-02-29,70,2.0,5,68.0,272000.0,Tinggi
Sosis Solo,4000,2024-02-29,45,1.0,5,44.0,176000.0,Sedang
Tahu Isi,4000,2024-02-29,53,4.0,5,49.0,196000.0,Sedang
Pisang Goreng,2000,2024-02-29,35,2.0,5,33.0,66000.0,Rendah
Donat Ceres,3500,2024-02-29,41,0.0,5,41.0,143500.0,Sedang
Donat Gula,3500,2024-02-29,40,0.0,5,40.0,140000.0,Sedang
Bakpau,2000,2024-02-29,67,0.0,5,67.0,134000.0,Sedang
Untuk-Untuk Pisang,2000,2024-02-29,95,2.0,5,93.0,186000.0,Sedang
Untuk-Untuk Inti,2000,2024-02-29,127,1.0,5,126.0,252000.0,Tinggi
Untuk-Untuk Kacang,2000,2024-02-29,90,5.0,5,85.0,170000.0,Sedang
Dadar Gulung,2500,2024-02-29,54,1.0,5,53.0,132500.0,Sedang
Pandan Ceres,3500,2024-02-29,34,3.0,5,31.0,108500.0,Sedang
Bolu Coklat,3500,2024-02-29,33,2.0,5,31.0,108500.0,Sedang
Bolu Kacang Hijau,3500,2024-02-29,31,0.0,5,31.0,108500.0,Sedang
Bolu Sakura,3500,2024-02-29,57,0.0,5,57.0,199500.0,Sedang
Roti Gula,3500,2024-02-29,30,0.0,5,30.0,105000.0,Sedang
Muffin Coklat,6000,2024-02-29,35,0.0,5,35.0,210000.0,Tinggi
Sarang Semut Potongan,6000,2024-02-29,25,0.0,5,25.0,150000.0,Sedang
Bolu Jadul Gulmer Potongan,3500,2024-02-29,25,0.0,5,25.0,87500.0,Rendah
Bolu Jadul Pandan Potongan,3500,2024-02-29,25,0.0,5,25.0,87500.0,Rendah
Bolu Jadul Ori Potongan,3500,2024-02-29,25,0.0,5,25.0,87500.0,Rendah
Lemper Ayam,4000,2024-02-29,63,0.0,5,63.0,252000.0,Tinggi
Lemper Abon,3500,2024-02-29,61,0.0,5,61.0,213500.0,Tinggi
Ketan Serondeng,3500,2024-02-29,60,1.0,5,59.0,206500.0,Tinggi
Ketan Serondeng Pedas,3500,2024-02-29,27,2.0,5,25.0,87500.0,Rendah
Ketan Inti,3500,2024-02-29,23,3.0,5,20.0,70000.0,Rendah
